#ANYPPTO,CODFUNCION,CODECOPART,NOMPARTIDA,Inicial,Actual,O
2018.0,011,31900,OTROS GASTOS FINANCIEROS,6000.0,6000.0,1861.9
2018.0,011,35900,OTROS GASTOS FINANCIEROS Y COMISIONES,0.0,0.0,2522.11
2018.0,130,12001,RETRIBUCIONES BASICAS POLICIA-A2,32974.74,32974.74,31026.23
2018.0,130,12003,RETRIBUCIONES BASICAS POLICIA-C1,488415.43,488415.43,541122.32
2018.0,130,12004,RETRIBUCIONES BASICAS POLICIA-C2,0.0,0.0,7111.2
2018.0,130,12100,COMPLEMENTO DESTINO POLICIA,305985.59,305985.59,241279.93
2018.0,130,12101,COMPLEMENTO ESPECIFICO POLICIA,572766.98,560171.98,433884.64
2018.0,130,15000,PRODUCTIVIDAD FUNCIONARIOS POLICIA,52505.35,52505.35,7609.17
2018.0,130,15002,SERVICIOS DE REFUERZO POLICIA LOCAL,29568.0,29568.0,43032.0
2018.0,130,15100,GRATIFICACIONES POLICIA LOCAL,2000.0,2000.0,25508.48
2018.0,130,15101,ASISTENCIAS A JUICIOS,2000.0,2000.0,4937.45
2018.0,130,16000,SEGURIDAD SOCIAL FUNCIONARIOS POLICIA,383790.2,383790.2,394892.45
2018.0,130,16200,FORMACION CONTINUA AGENTES POLICIA LOCAL,3000.0,3000.0,0.0
2018.0,130,20300,MTO.  EQUIPOS TRANSMISIONES P.LOCAL,2600.0,2600.0,1527.42
2018.0,130,21200,MANT.  EDIFICIO Y CONSTRUCC. POLICIA,100.0,100.0,3365.82
2018.0,130,21400,MTO. VEHICULOS POLICIA,10000.0,10000.0,11853.29
2018.0,130,21600,MTO. Y ACTUALIZAC. PROGRAMAS INFORMATICOS  P.L.,500.0,500.0,0.0
2018.0,130,22000,MATERIAL OFICINA POLICIA,600.0,600.0,1120.25
2018.0,130,22100,ENERGIA ELECTRICA EDIFICIOS POLICIA Y PROT.CIVIL,12100.0,12100.0,11422.02
2018.0,130,22103,COMBUSTIBLE VEHICULOS POLICIA LOCAL,22000.0,22000.0,6022.72
2018.0,130,22104,VESTUARIO POLICIA,5000.0,5000.0,27291.43
2018.0,130,22111,MATERIAL TECNICO Y OTROS POLICIA LOCAL,15000.0,12088.07,5522.31
2018.0,130,22200,SERVICIOS DE TELECOMUNICACIONES P.L.,1000.0,1000.0,0.0
2018.0,130,22601,ATENCIONES PROTOCOLARIAS POLICIA LOCAL,2000.0,2000.0,433.02
2018.0,130,22606,IMPARTICION DE CURSOS POLICIA LOCAL,3000.0,3000.0,2898.41
2018.0,130,22609,OTRAS ACTIVIDADES POLICIA LOCAL,0.0,0.0,665.5
2018.0,130,22699,GASTOS VARIOS SEGURIDAD VIAL (RADAR),1.0,1501.0,0.0
2018.0,130,22700,LIMPIEZA EDIFICIOS POLICIA,27982.56,27982.56,27982.56
2018.0,130,22702,SERVICIOS DE SEGURIDAD EN EVENTOS Y OTROS.,1700.0,1700.0,0.0
2018.0,130,22706,SERV.  APOYO TRAMIT. PROC. JUDICIALES,1700.0,1700.0,0.0
2018.0,130,22799,SERVICIO DE DETECCION DE NARCOTICOS CON PERROS,6050.0,6050.0,0.0
2018.0,130,62301,"ADQUISICION DE APARATO ""DROGOTEST""",6000.0,6000.0,0.0
2018.0,130,62900,OTRAS INVERSIONES GRALES. POLICIA LOCAL,1000.0,3911.93,3911.93
2018.0,133,21300,"ORDENACION DEL TRAFICO, SEÑALIZACION, SEMAFOROS",40000.0,40000.0,29129.01
2018.0,133,22701,RETIRADA VEHICULOS DE LA VIA PUBLICA,42350.0,42350.0,40401.02
2018.0,133,62900,BALIZAS SOLARES Y OTRAS SEÑALIZACIONES,6000.0,6000.0,0.0
2018.0,134,21200,MTO. PARKING MUNICIPAL,15000.0,14555.93,1050.56
2018.0,134,22199,SUMINISTROS DIVERSOS P.I.T.,2000.0,2000.0,1735.45
2018.0,134,22300,SERVICIO AUTOBUS ALUMNOS P.I.T.,7000.0,7000.0,5711.2
2018.0,134,22609,CELEBRACION 50 ANIVERSARIO P.I.T.,6000.0,3525.55,8419.02
2018.0,134,22699,OTR. GASTOS DIV. P.I.T.- CONCURSO EDUAC. VIAL,2500.0,2500.0,1013.11
2018.0,134,22702,CTO.  GESTION PARKING MUNICIPAL,46464.0,46464.0,41593.75
2018.0,134,60900,APARCAMIENTO BICIS Y MOTOS EN ZONAS COMERCIALES,4830.3,19834.3,18779.2
2018.0,134,60901,INVERSIONES EN PARQUE INFANTIL DE TRAFICO,0.0,2474.45,2474.45
2018.0,134,62600,OTRAS INVERSIONES EN PARKING MUNICIPAL,0.0,444.07,444.07
2018.0,135,21200,MANTENIMIENTO EDIFICIO PROTECCION CIVIL,0.0,0.0,0.0
2018.0,135,21300,MATERIAL TECNICO PROTEC. CIVL,1810.0,1810.0,1750.78
2018.0,135,21400,MTO. VEHICULOS PROT. CIVIL,3200.0,3200.0,2490.65
2018.0,135,22103,COMBUSTIBLE VEHICULOS PROT. CIVIL,1518.1,1518.1,212.48
2018.0,135,22104,VESTUARIO PROTEC. CIVIL,2000.0,2000.0,0.0
2018.0,135,22105,CATERING PARA VOLUNTARIOS EN SERVICIO,0.0,0.0,146.85
2018.0,135,22601,ATENCIONES PROTOCOLARIAS PROTECC. CIVIL,3700.0,3700.0,2716.94
2018.0,135,22606,CURSOS Y FORMACION PROTEC. CIVIL,2000.0,2000.0,0.0
2018.0,135,22609,PLANES ACTUACION PROTEC. CIVIL,2500.0,2500.0,1238.75
2018.0,135,48000,SORTEO PROTECCION CIVIL,300.0,300.0,0.0
2018.0,135,62500,INVERSIONES PROTEC. CIVIL,1000.0,1000.0,0.0
2018.0,136,46700,CONSORCIO EXTINCION DE INCENDIOS,230788.81,230788.81,230788.81
2018.0,150,12000,RETRIBUCIONES BASICAS URBANISMO-A1,53821.86,46821.86,46192.31
2018.0,150,12001,RETRIBUCIONES BASICAS URBANISMO-A2,121253.45,121253.45,111026.29
2018.0,150,12003,RETRIBUCIONES BASICAS URBANISMO-C1,62655.66,62655.66,74516.33
2018.0,150,12004,RETRIBUCIONES URBANISMO-C2,33922.18,33922.18,13553.97
2018.0,150,12100,COMPLEMENTO DESTINO URBANISMO,166762.82,125682.82,111034.34
2018.0,150,12101,COMPLEMENTO ESPECIFICO URBANISMO,219823.05,189823.05,136315.55
2018.0,150,13100,PERS. LABORAL TEMPORAL URBANISMO,11081.83,11081.83,5959.83
2018.0,150,15000,PRODUCTIVIDAD FUNCIONARIOS URBANISMO,24683.96,24683.96,11056.5
2018.0,150,15001,PRODUCTIVIDAD LABORALES URBANISMO,415.57,415.57,0.0
2018.0,150,15100,GRATIFICACIONES PERSONAL URBANISMO,0.0,0.0,0.0
2018.0,150,16000,SEGURIDAD SOCIAL FUNCIONARIOS URBANISMO,167965.68,167965.68,129500.91
2018.0,150,16001,SEGURIDAD SOCIAL PERS. LABORAL URBANISMO,3557.27,3557.27,1554.81
2018.0,1510,21000,"MTO. CONSERV. ESP. PUBL., INFRAESTR. Y ACCESIBILID",50000.0,48996.0,14377.27
2018.0,1510,21200,CUOTA MTO. EDIFICIOS Y OTR. INSTALACIONES,6000.0,6000.0,2952.32
2018.0,1510,21300,MTO. MAQUINARIA URBANISMO,500.0,500.0,352.11
2018.0,1510,21400,MANTENIMIENTO VEHICULOS OFICINA TECNICA,2000.0,2000.0,1452.66
2018.0,1510,22000,SUMINISTRO CARTELERIA LICENC. OBRAS Y CALLES,9000.0,9000.0,3227.07
2018.0,1510,22103,COMBUSTIBLE VEHICULOS URBANISMO,4000.0,4000.0,1164.12
2018.0,1510,22111,MATERIAL TECNICO Y ESPECIAL OFICINA TECNICA,3000.0,3000.0,0.0
2018.0,1510,22500,TASAS TRAMITAC. EXPEDIENTES Y OTR. URBANISMO,2000.0,2000.0,746.54
2018.0,1510,22601,ATENCIONES PROTOCOLARIAS URBANISMO,500.0,500.0,0.0
2018.0,1510,22602,PUBLICACIONES Y PUBLICIDAD URBANISMO,4500.0,4500.0,4235.27
2018.0,1510,22609,INFRAESTRUCTURAS DIVERSOS EVENTOS,1000.0,1000.0,0.0
2018.0,1510,22699,"GASTOS DIVERSOS Y PODAS, FUMIGACIONES..",11500.0,29226.5,20309.85
2018.0,1510,22701,DEMOLICION DE EDIFICIOS,1000.0,1000.0,1132.5
2018.0,1510,22702,TRABAJOS TECNICOS DE PROFESIONALES,8000.0,8000.0,0.0
2018.0,1510,22706,"PROYECTOS, ESTUDIOS, TRAB. TEC. Y COMISION AGUA",170000.0,175953.2,77043.5
2018.0,1510,22799,PROYECTOS OBRAS DE EJECUCION SUBSIDIARIA,3000.0,3000.0,0.0
2018.0,1510,24001,"CARTELERIA, MUPIS, ROLL-UP Y OTROS",200.0,200.0,0.0
2018.0,1510,48000,CONVENIO COLABOR.  ENTIDAD URBANISTICA,12000.0,12000.0,12000.0
2018.0,1510,60000,OBRAS DE EJECUCION SUBSIDIARIA,1.0,2686.6,2685.6
2018.0,1510,60900,ADECUAC. BARRIO LOS DOLORES-BORDE PRAICO,0.0,1399834.35,83893.64
2018.0,1510,60901,EJECUCIONES SUBSIDIARIAS 2017 (B.M.N.),0.0,1783647.49,744518.61
2018.0,1510,60902,PRESUPUESTOS PARTICIPATIVOS,0.0,14706.51,14036.86
2018.0,1510,60903,EJECUCIONES SUBSIDIARIAS 2018 (B.M.N.),0.0,219215.77,10061.91
2018.0,1510,62900,POS 2017. PLATAFORMA UNICA C/ PARRICAS,0.0,458707.36,365213.25
2018.0,1511,20300,ALQUILER MAQUIN. Y OTR. CONCURSO GRAFITIS,3500.0,3500.0,902.37
2018.0,1511,22602,"CHARLAS DIVULGAT., CIVISMO, PAISAJE URBANO...",18000.0,18000.0,2109.04
2018.0,1511,22699,GASTOS DIVERSOS CALIDAD URBANA,4250.0,4250.0,10131.94
2018.0,1511,22706,CTO. REALIZACION GRATITIS EN JARDINES,5000.0,5000.0,4422.55
2018.0,1511,48000,PREMIOS CONCURSO MURAL/GRAFITI EN ESPACIOS PUBL.,4500.0,4500.0,3832.0
2018.0,1511,62500,ACTUACIONES PARA CALIDAD URBANA,0.0,5982.54,5861.54
2018.0,1532,13102,RETRIB. PEONES AGRICOLAS CONS. COMAR. 2017,0.0,62038.41,64373.76
2018.0,1532,13108,RETRIB. PEONES AGRICOLAS CONS. COMAR. 2018,0.0,98496.0,49670.03
2018.0,1532,16003,SEG. SOC. PEONES AGRICOLAS CONS. COM. 2017,0.0,25232.51,24633.77
2018.0,1532,16004,SEG. SOC. PEONES AGRICOLAS CONS. COM. 2018,0.0,32257.44,11290.18
2018.0,1532,21000,MTO. VIAS PUBLICAS,54000.0,54000.0,52708.49
2018.0,1532,21001,MATERIALES CONSEJOS COMARCALES 2017,0.0,0.0,987.94
2018.0,1532,21002,"CONSERV. Y MTO. CTRAS. N-340, RM-515 Y RM-608",15000.0,15000.0,0.0
2018.0,1532,21004,MATERIALES CONSEJOS COMARCALES 2018,22600.0,22600.0,2800.58
2018.0,1532,22700,LIMPIEZA Y TRAT. FITOSANITARIO EN SOLARES,7500.0,7500.0,0.0
2018.0,1532,61900,PAVIM. AVDA. CARTAGENA Y OTR. POS 2018/2019,0.0,392345.0,0.0
2018.0,1532,62500,INVERSION EN ESPACION PUBLICOS,1000.0,1000.0,0.0
2018.0,160,22501,CANON SANEAMIENTO- ESAMUR,16000.0,16000.0,0.0
2018.0,160,22502,CANON CONTROL DE VERTIDOS- C.H.S.,3000.0,3000.0,1771.42
2018.0,161,22101,SUMINISTRO AGUA POTABLE,2380000.0,3413679.75,3413679.75
2018.0,161,60900,RENOVACION RED ABASTECIMIENTO,0.0,269482.79,269482.79
2018.0,161,60902,PTOS. PART. EVACUACION DE PLUVIALES EN EL BERRO,0.0,70000.0,0.0
2018.0,161,61900,INVERS. EN REDES ABASTECIM. Y SANEAMIENTO,1000.0,1000.0,0.0
2018.0,1621,22602,GASTOS IMPLANTAC. RECOGIDA ORGANICA,56749.96,35317.17,0.0
2018.0,1621,22700,RECOGIDA Y CONTROL ANIMALES VIA PUBLICA,16819.0,16819.0,7792.4
2018.0,1621,22701,RECOGIDA Y RETIRADA DE ENSERES DE LA V.P.,17820.0,17820.0,15774.0
2018.0,1621,22702,CONTROL DE LA AVIFAUNA,4416.6,4416.6,4065.6
2018.0,1621,22703,R.R.S.U. - FOMENTO,1087778.47,1087778.47,1072019.75
2018.0,1621,62400,VEHICULO PARA IMPLANTAC. RECOGIDA ORGANICA,34500.0,34500.0,0.0
2018.0,1621,62500,CONTENEDORES IMPLANTAC. RECOGIDA ORGANICA,90750.04,90750.04,0.0
2018.0,1621,62900,INVERSIONES EN RECOGIDAS Y GESTION,100.0,100.0,0.0
2018.0,1622,22699,ELIMINAC. LIMPIEZA Y REGENERAC. VERTEDEROS,15000.0,15000.0,0.0
2018.0,1622,22701,GESTION DE R.S.U. - FOMENTO,296348.5,296348.5,289674.78
2018.0,1622,22702,GESTION RESIDUOS SELECTIVOS Y ECOPARQUE-S.G.R.,20000.0,20000.0,13451.34
2018.0,1622,22703,RECOGIDA SELECTIVA RESIDUOS BIOSANITARIOS AGRICULT,600.0,600.0,220.0
2018.0,1622,22799,GESTION RESIDUOS VEGETALES EN FINCAS AMBIENTALES,3630.0,3630.0,0.0
2018.0,163,22700,SERVICIO LIMPIEZA VIARIA,770927.58,770927.58,721276.93
2018.0,163,62900,INVERSIONES EN LIMPIEZA VIARIA,100.0,100.0,0.0
2018.0,165,20300,INSTALACIONES ELECTRICAS ACTOS EVENTUALES,96000.0,117749.75,117996.61
2018.0,165,21300,MTO. ALUMBRADO GENERAL,40000.0,40000.0,49207.36
2018.0,165,21301,REP. ALUMBRADO PUBLICO POR ROBO Y VANDALISMO,10000.0,10000.0,3563.72
2018.0,165,22100,ENERGIA ELECTRICA ALUMBRADO PUBLICO,520000.0,520000.0,450231.54
2018.0,165,22501,TASAS ALUMBRADO PUBLICO,3500.0,3500.0,633.25
2018.0,165,60901,PARDOS 2016. MEJORA EFIC. ENERG. ALUM Bº S. PEDRO,0.0,240274.09,240274.09
2018.0,165,60902,POS 2017. MEJORA EFIC. ENERG. RBL. D. DIEGO,0.0,58400.0,58400.0
2018.0,165,60903,ALUMBRADO ILUMINACION CASTILLO,30000.0,1.81898940355e-12,0.0
2018.0,165,60904,PTOS. PART. ILUMINAC. VEREDA LOS SECANOS,0.0,29887.91,0.0
2018.0,165,61900,REPOSICION ALUMBRADO PUBLICO,0.0,20753.3,20573.3
2018.0,165,61901,MEJORA DE EFICIENCIA ENERGETICA,0.0,21522.62,0.0
2018.0,165,61903,MEJORA ALUMBRADO PUBLICO EN PEDANIAS,10000.0,23589.47,0.0
2018.0,170,12001,RETRIB. BASICAS M.AMBIENTE Y P.JARDINES-A2,20013.16,13.16,0.0
2018.0,170,12003,RETRIB. BASICAS M.AMBIENTE Y P.JARDINES-C1,27259.66,27259.66,31954.34
2018.0,170,12004,RETRIB. BASICAS M.AMBIENTE Y P.JARDINES-C2,31524.39,31524.39,13950.89
2018.0,170,12005,RETRIB. BASICAS M.AMBIENTE Y P.JARDINES-E,37024.92,37024.92,29426.07
2018.0,170,12100,COMPLEMENTO DESTINO M.AMBIENTE Y P.JARDINES,55637.41,40637.41,28523.77
2018.0,170,12101,COMPL. ESPECIFICO M.AMBIENTE Y P.JARDINES,84375.0,64375.0,42678.99
2018.0,170,13000,PERS. LABORAL FIJO M.AMBIENTE Y P.JARDINES,41175.43,41175.43,44032.76
2018.0,170,14300,FUNCIONARIOS INTERINOS PARQUES Y JARDINES,0.0,0.0,21356.99
2018.0,170,15000,PRODUCT. FUNCIONARIOS M.AMBIENTE Y P.JARDINES,9593.79,9593.79,10797.03
2018.0,170,15001,PRODUCTIV. LABORALES M.AMBIENTE Y P.JARDINES,1544.08,1544.08,8676.9
2018.0,170,15100,GRATIFICACIONES MEDIO AMB. Y PARQUES Y JARD,0.0,0.0,7330.01
2018.0,170,16000,SEG. SOCIAL FUNCIONAR. M.AMBIENTE Y P.JARDINES,72142.86,72142.86,45718.98
2018.0,170,16001,SEG. SOCIAL. LABORAL M.AMBIENTE Y P.JARDINES,15173.14,15173.14,25448.83
2018.0,1711,12001,RETRIBUCIONES BASICAS FUNCIONARIOS A2 T.E.,366.94,6739.71,6372.77
2018.0,1711,12100,COMPLEMENTO DESTINO FUNCIONARIOS T.E.,0.0,1841.16,1841.16
2018.0,1711,12101,COMPLEMENTO ESPECIFICO FUNCIONARIOS T.E.,0.0,2126.44,2126.44
2018.0,1711,13100,RETRIBUCIONES ALUMNOS T.E.,11067.84,32147.23,21079.39
2018.0,1711,15000,PRODUCTIVIDAD FUNCIONARIOS T.E.,1030.87,1030.87,0.0
2018.0,1711,16001,SEGURIDAD SOCIAL ALUMNOS T.E.,0.0,4616.84,6264.73
2018.0,1711,21000,MTO. GRAL. PARQUES,20000.0,20000.0,12584.11
2018.0,1711,21001,GESTION DE RESIDUOS VEGETALES EN PARQUES,4235.0,4235.0,1247.4
2018.0,1711,21002,TRABAJOS JARDINERIAS ZONAS VERDES-PARQUES,24775.4,8771.17,8314.64
2018.0,1711,21300,MTO. JUEGOS INFANTILES EN PARQUES,10000.0,10000.0,1052.58
2018.0,1711,22105,ALIMENTOS PARA PAJARERA DEL PARQUE LA CUBANA,200.0,200.0,251.81
2018.0,1711,22699,FUMIGACION Y PODAS EN PARQUES,10000.0,10000.0,8982.26
2018.0,1711,22706,ESTUDIOS Y TRABAJOS TEC. JUEGOS INFANT. PARQUES,526.35,526.35,0.0
2018.0,1711,22799,CTO. MANTENIM. Y LIMPIEZ EN PARQUES (S.T.V.),45276.63,45276.63,34882.43
2018.0,1711,61900,ADECUAC. NORMATIVA ZONA JUEGOS PARQUES,1000.0,49400.0,0.0
2018.0,1711,62500,OTRAS INVERSIONES EN PARQUES,10000.0,10000.0,0.0
2018.0,1712,21000,MTO. GRAL JARDINES,20000.0,20000.0,24075.98
2018.0,1712,21001,GESTION DE RESIDUOS VEGETALES JARDINES,16940.0,14540.0,534.6
2018.0,1712,21003,MANTENIMIENTO VIVERO MUNICIPAL,0.0,0.0,904.48
2018.0,1712,21300,MTO. JUEGOS INFANTILES EN JARDINES,10000.0,10000.0,0.0
2018.0,1712,22699,FUMIGACION Y PODAS EN JARDINES,10000.0,10000.0,1974.78
2018.0,1712,22706,ESTUDIOS TECNICOS Y PROYECTOS EN ZONAS VERDES,12000.0,12000.0,29484.31
2018.0,1712,22795,SERV. PROFESIONALES ING. TECNICO AGRICOLA,27778.54,27778.54,0.0
2018.0,1712,22798,CTO. MANTENIMIENTO JARDINES (S.T.V.),181106.54,181106.54,139529.5
2018.0,1712,22799,CTO. MANTENIMIENTO JARDINES (F.C.C.),78095.8,78095.8,115446.6
2018.0,1712,62300,INVERSIONES EN JARDINES Y PIPICAN,20000.0,20000.0,0.0
2018.0,1712,62301,PISTA MULTIDEPORTE ZONA JUEGOS INFANTIL. JARDINES,27163.87,27163.87,0.0
2018.0,1721,21300,MTO. PARQUE MOVIL BICIALHAMA,4000.0,4000.0,0.0
2018.0,1721,22602,CAMPAÑAS SENSIBIL. USO TRANSP. PUBLICO,1200.0,1200.0,0.0
2018.0,1721,22609,PROGRAMA BICIALHAMA EN FAMILIA,6000.0,6000.0,0.0
2018.0,1721,62400,PLAN DE MEJORA CALIDAD DEL AIRE,7000.0,7000.0,0.0
2018.0,1722,21000,MANTENIMIENTO Y SEÑALIZ. SENDAS,10000.0,10000.0,387.2
2018.0,1722,22100,ENERGIA ELECTRICA EDIFICIOS MED. AMBIENTE,1600.0,1600.0,1392.15
2018.0,1722,22300,TRANSPORTE PARA REALIZAC. ACTIV. MED. AMBIENTE,500.0,500.0,778.0
2018.0,1722,22400,SEGUROS CONCEJALIA MED. AMBIENTE,1000.0,1000.0,312.94
2018.0,1722,22601,ATENCIONES PROTOCOLARIAS CONC. MEDIO AMBIENTE,900.0,900.0,248.69
2018.0,1722,22602,CAMPAÑAS INFORMATIVAS MED. AMBIENTE,500.0,500.0,0.0
2018.0,1722,22606,ACTIV. SENSIBILIZAC. Y CONCIENCIACION AMBIENTAL,1000.0,1000.0,0.0
2018.0,1722,22609,"SENDALHAMA, SENDERISMO INTERPRETATIVO",6000.0,6000.0,3110.22
2018.0,1722,22703,CATALOGO DE ARBOLES Y ARBOLEDAS,1500.0,1500.0,0.0
2018.0,1722,22706,ACTUAC. PARCELAS MPALES. INTERES NATURAL,2000.0,2000.0,21387.24
2018.0,1722,22799,MTO. HUERTOS ECOLOGICOS FAMILIARES,10000.0,10000.0,4438.05
2018.0,1722,24000,EDICIONES Y DIVULGACION MED. AMBIENTAL,9000.0,9000.0,2643.85
2018.0,1722,48000,SUBVENCIONES ACTIVIDADES MEDIOAMBIENTALES,7000.0,7000.0,2171.1
2018.0,1722,48001,"CONV. ACCIONES MALVASIA ""MELES""",2000.0,2000.0,2000.0
2018.0,1722,48002,"CONV. HUERTOS ECOLOG. FAM. ""LA ALMAJARA""",3510.0,3510.0,3510.0
2018.0,1722,48003,"CONV. ACCION EN PARCELAS ALCANARA ""ACUDE""",2000.0,2000.0,2000.0
2018.0,1722,48004,"CONV. RESTAURAC. CASA EL CHARCO ""LA COSTERA""",15000.0,15000.0,15000.0
2018.0,1722,62101,CREACION SENDEROS ECOTURISTICOS,2000.0,2000.0,0.0
2018.0,1722,62300,NUEVAS INSTALAC. ENERGIAS RENOVABLES,10000.0,10000.0,0.0
2018.0,1722,62301,INSTALACION CAJAS NIDO PARA MURCIELAGOS,3000.0,3000.0,0.0
2018.0,1722,62304,PROYECTO MEDEEA,9000.0,9000.0,0.0
2018.0,221,10000,ACCIDENTE Y COMPLEM. ACCIDENTE CORPORACION,0.0,0.0,1323.33
2018.0,221,12001,ACCIDENTE Y COMPLEM. ACCIDENTE A-2,0.0,0.0,11351.33
2018.0,221,12003,ACCIDENTE Y COMPLEM. ACCIDENTE C-1,0.0,0.0,42788.53
2018.0,221,12004,ACCIDENTE Y COMPLEM. ACCIDENTE C-2,0.0,0.0,10347.52
2018.0,221,12005,ACCIDENTE Y COMPLEM. ACCIDENTE E,0.0,0.0,21606.8
2018.0,221,12700,PLAN DE PENSIONES,21797.26,21797.26,21104.85
2018.0,221,13100,ACCIDENTE Y COMPLEM. LABORAL TEMPORAL,0.0,0.0,3952.72
2018.0,221,14300,ACCIDENTE Y COMPLEM. FUNCIONARIO INTERINO,0.0,0.0,1273.3
2018.0,221,16009,ACCIDENTE Y COMPLEMENTO ACCIDENTE,30000.0,205000.0,114683.67
2018.0,221,16104,INDEMNIZACION POR JUBILACION,16811.7,16811.7,41853.14
2018.0,221,16200,FORMACION Y PERFECCIONAMIENTO DEL PERSONAL,15025.3,15025.3,9703.71
2018.0,221,16204,ACCION SOCIAL,20000.0,20000.0,19952.89
2018.0,221,16400,COMPLEMENTO FAMILIAR,3000.0,3000.0,0.0
2018.0,2310,12000,RETRIB. BASICAS S.SOCIALES-A1,25099.43,24099.43,11744.3
2018.0,2310,12001,RETRIB. BASICAS S.SOCIALES-A2,61110.61,61110.61,39359.43
2018.0,2310,12003,RETRIB. BASICAS S.SOCIALES-C1,10215.97,10215.97,0.0
2018.0,2310,12004,RETRIB. BASICAS S.SOCIALES-C2,20677.64,20677.64,24432.21
2018.0,2310,12005,RETRIBUC. BASICAS S. SOCIALES-E,8936.14,8936.14,0.0
2018.0,2310,12100,COMPLEMENTO DESTINO S.SOCIALES,68551.97,53551.97,33928.59
2018.0,2310,12101,COMPLEMENTO ESPECIFICO S.SOCIALES,78782.78,63782.78,34184.65
2018.0,2310,13100,PERSONAL LABORAL TEMPORAL S.SOCIALES,178664.38,178664.38,184220.16
2018.0,2310,14300,OTRO PERSONAL FUNCIONARIO INTERINO,0.0,0.0,19428.2
2018.0,2310,15000,PRODUCTIVIDAD FUNCIONARIOS S.SOCIALES,10251.55,10251.55,1200.0
2018.0,2310,15001,PRODUCTIVIDAD LABORALES S.SOCIALES,5684.51,5684.51,18299.79
2018.0,2310,16000,SEGURIDAD SOCIAL FUNCIONARIOS S.SOCIALES,72160.49,51789.87,39486.51
2018.0,2310,16001,SEGURIDAD SOCIALES PERSONAL LABORAL S.SOCIALES,57527.28,57527.28,71136.8
2018.0,2310,21200,MTO. CENTROS SERVICIOS SOCIALES,500.0,500.0,1939.62
2018.0,2310,21300,MANTENIM. MAQUINARIA CENTRO SERV. SOC.,0.0,0.0,135.0
2018.0,2310,21400,MANTENIMIENTO VEHICULO CENTRO PSICOSOCIAL,700.0,700.0,2065.78
2018.0,2310,22000,MATERIAL OFICINA SERVICIOS SOCIALES,500.0,500.0,8.95
2018.0,2310,22100,ENERGIA ELECTRICA EDIFICIOS S.SOCIALES,24500.0,24500.0,19686.2
2018.0,2310,22105,"PROD. ALIMENTICIOS, ENVASES, COMIDA Y AGUA",2800.0,2800.0,1683.11
2018.0,2310,22601,ATENCIONES PROTOCOLARIAS CONCEJALIA SERV. SOC.,700.0,2217.02,1759.44
2018.0,2310,22602,CAMPAÑA PREVENC. ABSENTISMO Y ACOSO ESCOLAR,2000.0,2000.0,2029.38
2018.0,2310,22605,ITINERARIOS INFORM. Y ORIENTAC. INSERCCION SOCIAL,55000.0,55000.0,21077.08
2018.0,2310,22606,TALLERES OCUPACIONALES CENTRO ATT. PSICOSOCIAL,0.0,0.0,206.49
2018.0,2310,22609,ACTIVIDADES VOLUNTARIADO,5000.0,1832.98,1114.1
2018.0,2310,22697,TALLER TEATRO EN CENTRO TERAPEUT. LAS FLOTAS,0.0,1200.0,1200.0
2018.0,2310,22698,GASTOS DIVERSOS CENTRO ATENCION PSICOSOCIAL,0.0,0.0,944.39
2018.0,2310,22699,"ALOJAM. TEMPORAL, DECESOS Y OTR. GASTOS",2000.0,100.0,0.0
2018.0,2310,22700,LIMPIEZA EDIFICIOS S.SOCIALES,27951.6,27951.6,27951.6
2018.0,2310,22790,CONTRATO SERVICIO VOLUNTARIADO,19800.0,19800.0,18906.9
2018.0,2310,22791,CTO. SERVICIO ATENCION PSICOSOCIAL,100000.0,100000.0,95738.16
2018.0,2310,22792,CTO. SERVICIO AYUDA A DOMICILIO (S.A.D.),32400.0,32400.0,29031.52
2018.0,2310,22793,CTO. TELEASISTENCIA,32000.0,32000.0,32995.1
2018.0,2310,22794,CTO. SERV. AYUDA A DOMICILIO DEPENDENC. (SAAD),212704.0,212704.0,228479.01
2018.0,2310,22795,CTO. SERVICIO COMIDAS A DOMICILIO,12350.0,12350.0,8742.34
2018.0,2310,48002,"CONV. ""TALLER TEATRO"" C.T. LAS FLOTAS",1200.0,0.0,0.0
2018.0,2310,48003,PRESTACION APOYO FAMILIAR REINSERCION SOCIAL,90000.0,77610.0,45389.68
2018.0,2310,48004,PRESTACIONES A FAMILIAS CON MENORES,30000.0,40790.0,27811.55
2018.0,2310,48005,DESPLAZAMIENTO TRANSEUNTES C.A.D,500.0,500.0,0.0
2018.0,2310,48006,SUBVENCIONES ASOCIACIONES Y ONG`S,19000.0,22500.0,21864.55
2018.0,2310,48007,SUBVENCION CRUZ ROJA-AYUDAS URGENTE NECESIDAD 2017,35000.0,35000.0,35000.0
2018.0,2310,48008,AYUDAS PARA PALIAR EFECTOS POBREZA ENERGETICA,0.0,15051.0,15051.0
2018.0,2310,48009,AYUDAS PARA PALIAR LA POBREZA ENERGETICA 2018,0.0,15092.1,0.0
2018.0,2310,62500,EQUIPAMIENTO CENTRO SERVICIOS SOCIALES,3000.0,3000.0,2874.27
2018.0,2310,62501,EQUIPAMIENTO VIVIENDA COLECTIVA,2500.0,2500.0,0.0
2018.0,2311,13100,PERSONAL LABORAL TEMPORAL C.ATENCION TEMPRANA,32642.84,32642.84,32669.84
2018.0,2311,15001,PRODUCTIVIDAD LABORALES C.ATENCION TEMPRANA,1224.11,1224.11,3411.68
2018.0,2311,16001,SEG. SOCIAL PERSONAL LABORAL C.ATENCION TEMPRANA,10478.35,10478.35,11227.86
2018.0,2311,22699,GTOS. DIVERSOS CENTRO ATENCION TEMPRANA,2500.0,4150.0,2019.54
2018.0,2311,22700,LIMPIEZA EDIFICIO C.A.T,7741.92,7741.92,7741.92
2018.0,2311,22799,SERVICIO FISIOTERAPIA C.A.T.,12500.0,12500.0,10771.2
2018.0,2311,62500,INVERSIONES EN C.A.T.,2000.0,2000.0,0.0
2018.0,2312,21300,"MTO. C.E.D. ""LAS SALINAS""",600.0,600.0,226.92
2018.0,2312,21400,"MANTENIMIENTO VEHICULO C.E.D. ""LAS SALINAS""",2000.0,2000.0,0.0
2018.0,2312,22000,"MATERIAL FUNGIBLE C.E.D. ""LAS SALINAS""",1400.0,735.49,1184.15
2018.0,2312,22601,"OBSEQUIOS USUARIOS C.E.D. ""LAS SALINAS""",500.0,860.0,840.0
2018.0,2312,22700,LIMPIEZA EDIFICIO C.E.D. SALINAS,15276.48,15276.48,15276.48
2018.0,2312,22795,"CTO. SERV. CATERING C.E.D. ""LAS SALINAS""",27936.48,27936.48,28933.41
2018.0,2312,22799,"CTO. SERVICIO GESTION C.E.D. ""LAS SALINAS""",179204.4,209204.4,200900.35
2018.0,2312,62505,"EQUIPAMIENTO C.E.D. ""LAS SALINAS""",4000.0,4304.51,4265.79
2018.0,2313,21200,MTO. C.E.D MAYORES,200.0,200.0,847.0
2018.0,2313,21300,MTO. MAQUINARIA C.E.D. MAYORES,1000.0,770.59,60.8
2018.0,2313,21400,MANTENIMIENTO VEHICULO C.E.D. DE MAYORES,2000.0,2000.0,468.88
2018.0,2313,22000,MATERIAL FUNGIBLE C.E.D. MAYORES,1200.0,403.6,77.34
2018.0,2313,22103,COMBUSTIBLE CALEFACCION C.E.D. MAYORES,300.0,1300.0,467.27
2018.0,2313,22601,OBSEQUIOS USUARIOS C.E.D. MAYORES,300.0,1096.4,1023.39
2018.0,2313,22700,LIMPIEZA EDIFICIO C.E.D. MAYORES,21692.04,21692.04,21768.37
2018.0,2313,22799,GESTION Y MANUNTENCION C.E.D. DE MAYORES,253960.0,274330.62,275742.66
2018.0,2313,62500,EQUIPAMIENTO C.E.D DE MAYORES,6000.0,6229.41,3317.7
2018.0,2314,21200,MANTENIMIENTO CENTRO DE MAYORES,3000.0,2303.72,206.0
2018.0,2314,22000,MATERIAL OFICINA CENTRO DE MAYORES,1500.0,1500.0,310.25
2018.0,2314,22001,PRENSA Y REVISTA CENTRO MAYORES,1500.0,1500.0,1103.9
2018.0,2314,22105,GASTRONOMIA CENTRO DE MAYORES,10850.0,10850.0,10427.67
2018.0,2314,22601,TROFEOS Y OBSEQUIOS PARA MAYORES,1220.0,1916.28,1785.78
2018.0,2314,22609,ACTUACIONES Y ACTIVIDADES  MAYORES,5000.0,5000.0,12498.9
2018.0,2314,22699,GTOS. DIVERSOS CENTRO MAYORES,2050.0,2050.0,341.61
2018.0,2314,22700,LIMPIEZA EDIFICIO PERSONAS MAYORES,7734.36,7734.36,7734.36
2018.0,2314,22701,ORGANIZ. CENTRO MAYORES - CONSERJE,18200.0,18200.0,15400.0
2018.0,2314,22799,TALLERES CONCEJALIA MAYORES,19880.0,19880.0,12354.0
2018.0,2314,24000,"EDICION DE FOLLETOS, CARTELES Y OTROS",300.0,300.0,60.5
2018.0,2314,48000,PREMIOS CONCURSOS PERSONAS MAYORES,900.0,900.0,555.0
2018.0,2314,62500,EQUIPAMIENTO CENTRO DE MAYORES,2000.0,2000.0,0.0
2018.0,2411,12001,RETRIB. BASICAS EMPLEO-A2,49704.05,49704.05,57070.23
2018.0,2411,12004,RETRIB. BASICAS EMPLEO-C2,10209.47,10209.47,10405.59
2018.0,2411,12100,COMPLEMENTO DESTINO EMPLEO,34414.77,34414.77,28647.04
2018.0,2411,12101,COMPL. ESPECIFICO EMPLEO,37832.5,37832.5,31559.06
2018.0,2411,13100,PERSONAL LABORAL TEMPORAL EMPLEO,10410.54,10410.54,0.0
2018.0,2411,15000,PRODUCTIVIDAD FUNCIONARIOS EMPLEO,4956.03,4956.03,0.0
2018.0,2411,16000,SEGURIDAD SOCIAL FUNCIONARIOS EMPLEO,35132.27,35132.27,35604.03
2018.0,2411,16001,SEG. SOCIAL PERSONAL LABORAL EMPLEO,171.77,171.77,0.0
2018.0,2411,21200,MANTENIMIENTO EDIFICIO CENTRO LOCAL EMPLEO,100.0,100.0,0.0
2018.0,2411,22000,MATERIAL DE OFICINA EMPLEO,3600.0,3600.0,1730.04
2018.0,2411,22100,ENERGIA ELECTRICA EDIFICIOS EMPLEO,3500.0,3500.0,3151.34
2018.0,2411,22601,ATENCIONES PROTOCOLARIAS CONCEJALIA EMPLEO,100.0,420.0,420.0
2018.0,2411,22605,CURSO OPERAC. AUX. DE SERV. ADMTIVOS. AC-2017-1376,0.0,25740.0,15362.53
2018.0,2411,22606,ACCIONES FORMATIVAS COLABOR. CON S.E.F.,2000.0,2000.0,1680.0
2018.0,2411,22609,GASTOS DIVERSOS AGUAS MINEROM. Y BALNEARIO,6000.0,6000.0,0.0
2018.0,2411,22699,GTOS. CORRIENTES EMPLEO,8000.0,7680.0,0.0
2018.0,2411,22700,LIMPIEZA EDIFICIOS EMPLEO,9791.88,9791.88,9791.88
2018.0,2411,22799,"PROY. ""ACELERADORA DEL EMPRENDEDOR""",23740.0,120592.06,65471.86
2018.0,2411,47000,"CUOTA PARTICIPACION ""INTEGRAL""",12285.66,12285.66,12285.66
2018.0,2411,48000,CUOTA SECCION VILLAS TERMALES,1000.0,1000.0,1000.0
2018.0,2411,48001,SUBVENCIONES EMPLEO A TAXI,100.0,100.0,0.0
2018.0,2411,62500,EQUIPAMIENTO EMPLEO,1000.0,1000.0,0.0
2018.0,2412,12000,RETRIB. BASICAS IGUALDAD-A1,4047.5,4047.5,10422.92
2018.0,2412,12100,COMPL. DESTINO IGUALDAD,1971.04,1971.04,3944.87
2018.0,2412,12101,COMPL. ESPECIFICO IGUALDAD,1241.91,1241.91,2460.26
2018.0,2412,13000,PERSONAL LABORAL FIJO IGUALDAD,13538.73,13538.73,0.0
2018.0,2412,13100,PERSONAL LABORAL TEMPORAL IGUALDAD,28492.86,28492.86,18702.11
2018.0,2412,15000,PRODUCTIVIDAD FUNCIONARIOS IGUALDAD,272.27,272.27,610.77
2018.0,2412,15001,PRODUCTIVIDAD LABORALES IGUALDAD,1576.18,1576.18,2977.6
2018.0,2412,16000,SEGURIDAD SOCIAL FUNCIONARIOS IGUALDAD,2228.96,2228.96,5059.46
2018.0,2412,16001,SEG. SOCIAL PERSONAL LABORAL IGUALDAD,13329.67,13329.67,6045.44
2018.0,2412,21200,MANTENIMIENTO EDIFICIO VIVERO DE EMPRESAS Y OTR. I,200.0,200.0,0.0
2018.0,2412,22000,MATERIAL DE OFICINA IGUALDAD,1600.0,1600.0,2653.97
2018.0,2412,22100,ENERGIA ELECTRICA EDIFICIOS IGUALDAD,4700.0,4700.0,4224.76
2018.0,2412,22105,CENA CONVIVENCIA DIA INTERNAC. DE LA MUJER,100.0,1848.0,1863.0
2018.0,2412,22601,OBSEQUIOS Y OTROS CONCEJAL. IGUALDAD,2000.0,2200.0,2023.36
2018.0,2412,22602,PUBLICIDAD Y PROPAGANDA CONCEJ. IGUALDAD,300.0,300.0,605.0
2018.0,2412,22606,CURSOS DE FORMACION IGUALDAD,13000.0,13000.0,5010.88
2018.0,2412,22609,DIAS INTERNAC. MUJER Y CONTRA VIOLENCIA DE GENERO,10500.0,13500.0,8536.3
2018.0,2412,22699,GTOS. CORRIENTES IGUALDAD Y CAVI,3000.0,2800.0,219.25
2018.0,2412,22700,LIMPIEZA EDIFICIOS MUJER,14434.44,14434.44,14434.44
2018.0,2412,22706,ELABORAC. Y PUESTA EN MARCHA PLAN IGUALDAD,8000.0,8000.0,0.0
2018.0,2412,22799,ACTIV. PROMOCION DEL ASOCIACIONISMO MUJER,3000.0,3000.0,0.0
2018.0,2412,24000,EDICIONES Y PUBLICACIONES CONCEJ. IGUALDAD,700.0,700.0,755.68
2018.0,2412,48001,PREMIOS DIA INTERNACIONAL DE LA MUJER,500.0,500.0,400.0
2018.0,2412,62500,EQUIPAMIENTO VIVERO DE EMPRESAS IGUALDAD,1000.0,1000.0,0.0
2018.0,311,21200,MANTENIMIENTO EDIFICIOS DE SANIDAD,100.0,100.0,0.0
2018.0,311,22609,TALLERES Y CHARLAS DIVULGATIVAS SANIDAD,3000.0,3000.0,0.0
2018.0,311,22699,GASTOS DIVERSOS DE SANIDAD,0.0,0.0,641.3
2018.0,311,22700,"DESRATIZACION, DESINSECTACION Y DESINFECCION",15000.0,15000.0,14010.0
2018.0,311,22797,"CAPTURA, ESTERILIZAC. Y SUELTA DE GATOS",0.0,2000.0,0.0
2018.0,311,22798,MTO. Y ACTUALIZAC. MICROCHIPS COLEG. VETERINARIOS,650.0,650.0,576.15
2018.0,311,22799,LIMPIEZA EDIFICIOS SANIDAD,7514.16,7514.16,7514.16
2018.0,311,24000,EDICION DE CARTELES Y FOLLETOS SANIDAD,500.0,500.0,0.0
2018.0,311,48000,CONVENIO GESTION AMBULANCIA CRUZ ROJA,51500.0,51500.0,51500.0
2018.0,311,62500,EQUIPAMIENTO SANIDAD,100.0,100.0,0.0
2018.0,320,12004,RETRIBUCIONES BASICAS EDUCACION-C2,12897.54,2897.54,0.0
2018.0,320,12005,RETRIB. BASICAS EDUCACION-E,65737.6,60737.6,64611.56
2018.0,320,12100,COMPLEMENTO DESTINO EDUCACION,30625.32,30625.32,22114.81
2018.0,320,12101,COMPLEMENTO ESPECIFICO EDUCACION,57371.11,57371.11,41050.6
2018.0,320,13100,PERSONAL LABORAL TEMPORAL EDUCACION,0.0,0.0,2935.42
2018.0,320,15000,PRODUCTIVIDAD FUNCIONARIOS EDUCACION,6248.68,2080.04,0.0
2018.0,320,16000,SEGURIDAD SOCIAL FUNCIONARIOS EDUCACION,50259.66,50259.66,25415.13
2018.0,320,16001,SEGURIDAD SOCIAL PERS. LABORAL EDUCACION,0.0,118.74,158.32
2018.0,321,21200,MTO. COLEGIOS,10000.0,10000.0,21119.92
2018.0,321,21300,MANTENIMIENTO MAQUINARIA Y OTROS DE EDUCACION,0.0,0.0,115.33
2018.0,321,22100,ENERGIA ELECTRICA EDIFICIOS EDUCACION,78000.0,78581.99,78581.99
2018.0,321,22103,COMBUSTIBLE CALEFACCION C.E.I.P.,24000.0,24000.0,19340.66
2018.0,321,22700,LIMPIEZA EDIFICIOS EDUCACION,360845.52,360845.52,360845.52
2018.0,321,22796,GESTION ESCUELA INFANTIL GLORIA FUERTES,278344.06,278344.06,278343.96
2018.0,321,22797,GESTION ESCUELA INFANTIL Nº 2,46647.18,17825.85,0.0
2018.0,321,22798,GESTION C.A.I. LOS CEREZOS,119352.82,119352.82,119352.84
2018.0,321,63200,OBRAS Y EQUIPAMIENTOS EN COLEGIOS,20000.0,36698.74,26244.28
2018.0,322,22799,MEDIDAS ALTERNATIVAS EXPULSION ALUMNOS,17800.0,17800.0,14776.34
2018.0,322,45000,CONVENIO ESCUELA OFICIAL DE IDIOMAS,4700.0,7700.0,3000.0
2018.0,323,22602,PUBLICACION Y DIFUSION ACTIV. EDUCACION,4500.0,4500.0,5445.0
2018.0,323,22699,GTOS. FUNCIONAM. EVENTOS Y OTROS EDUCACION,4500.0,4500.0,15038.75
2018.0,323,24000,GASTOS DE EDICION Y DISTRIBUCION,3000.0,3000.0,0.0
2018.0,323,45390,SEDE PERMANENTE UNIVERSIDAD DE MURCIA,2000.0,2000.0,0.0
2018.0,323,48001,ASOCIACION INTERNAC. DE CIUDADES EDUCADORAS,220.0,220.0,220.0
2018.0,323,48002,AYUDAS A TRANSPORTE EDUCATIVO-BUS UNIVERSITY,10000.0,10000.0,4600.0
2018.0,324,22001,BANCO DE LIBROS,11000.0,5488.64,5488.64
2018.0,324,22300,TRANSP. ACTIV. EXTRAESCOLARES Y COMPLEM.,5000.0,5000.0,2905.85
2018.0,324,22601,ATENCIONES PROTOCOLARIAS Y OBSEQUIOS EDUCACION,1500.0,1500.0,1217.34
2018.0,324,22606,"ESCUELA DE VERANO ""EDUCAVERANO 2017""",45000.0,40850.0,22137.85
2018.0,324,22609,TALLERES TEATRO Y CINE Y REFUERZO EDUCATIVO,26000.0,26000.0,27122.08
2018.0,324,22703,PRUEBA PILOTO INVERLINGÜE,15000.0,15000.0,6587.5
2018.0,324,22793,CTO. SERV. PROYECTOS ABSENTISMO Y ABAND. ESCOLAR,0.0,1617.65,1617.65
2018.0,324,22794,"SERV. TRADUCC., MEDIACION, ASESORAM.",35000.0,35000.0,25489.92
2018.0,324,22795,"ACTIV. OCIO Y T. LIBRE ""UN RATITO MAS""",80000.0,80000.0,50874.5
2018.0,324,22796,PROGR. COORD. FAMILIAS NIÑOS CON N.E.A.E.,3000.0,3000.0,5401.0
2018.0,324,22797,"PROGRAMA ""CONECTANDO PEDANIAS""",25000.0,25000.0,30250.09
2018.0,324,22798,"SERVICIO ""ZAMPABUS""",10525.14,10525.14,8428.37
2018.0,324,22799,SERVICIO DE PROXIMIDAD MATUTINO,51086.0,51086.0,33845.78
2018.0,324,48001,"PREMIOS CONC. CUENTOS INFANT. ""JOSE CALERO HERAS""",1500.0,1500.0,1370.01
2018.0,324,48002,BECAS ERASMUS E ILA,8000.0,8000.0,7500.0
2018.0,324,48003,A.M.P.A. C.E.I.P. GINES DIAZ-S.CRISTOBAL,1.0,8308.0,8307.0
2018.0,324,48004,A.M.P.A. C.E.I.P. SIERRA ESPUÑA,1.0,6550.31,6549.31
2018.0,324,48005,A.M.P.A. C.E.I.P. ANTONIO MACHADO,1.0,2966.0,2965.0
2018.0,324,48006,A.M.P.A. C.E.I.P. PRINCIPE DE ESPAÑA,1.0,3571.46,3570.46
2018.0,324,48007,A.M.P.A. C.E.I.P. NTRA. SRA. DEL ROSARIO,1.0,4369.74,4368.74
2018.0,324,48008,A.M.P.A. C.E.I.P. RICARDO CODORNIU,1.0,6937.58,6936.58
2018.0,324,48009,BECA PARA PROYECTOS ABSENTISMO Y ABANDONO ESCOLAR,0.0,1800.0,1200.0
2018.0,324,48015,PREMIOS A LA CULTURA DEL ESFUERZO,3000.0,4350.0,4350.0
2018.0,324,48016,SUBV. A PROYECTOS EN CENTROS EDUCATIVOS,13000.0,13000.0,13000.0
2018.0,324,62300,APARATOS AIRE ACONDICIONADO EN C.EDUCATIVOS,3000.0,8320.02,8320.02
2018.0,324,62500,EQUIP. COMPLEMENTARIO CENTROS PUBLICOS,3000.0,3000.0,1883.27
2018.0,330,12001,RETRIB. BASICAS CULTURA-A2,36361.94,36361.94,41514.75
2018.0,330,12003,RETRIB. BASICAS CULTURA-C1,29274.06,29274.06,16125.51
2018.0,330,12004,RETRIB. BASICAS CULTURA-C2,27102.44,27102.44,14832.83
2018.0,330,12100,COMPLEM. DESTINO CULTURA,48044.94,33044.94,28546.9
2018.0,330,12101,COMPLEMENTO ESPECIFICO CULTURA,54287.46,34267.37,30653.1
2018.0,330,13000,PERSONAL LABORAL FIJO CULTURA,9105.95,2569.56,0.0
2018.0,330,13100,PERSONAL LABORAL TEMPORAL CULTURA,12070.24,12070.24,10983.15
2018.0,330,15000,PRODUCTIVIDAD FUNCIONARIOS CULTURA,7315.16,2315.16,0.0
2018.0,330,15001,PRODUCTIVIDAD LABORALES CULTURA,341.47,341.47,0.0
2018.0,330,16000,SEGURIDAD SOCIAL FUNCIONARIOS  CULTURA,49301.11,49301.11,34975.96
2018.0,330,16001,SEGURIDAD SOCIAL PERS. LABORAL CULTURA,2993.63,2993.63,99.88
2018.0,3321,21600,"MTO. PROGRAMA ""ARCHIVO 3000""",1300.0,1300.0,847.93
2018.0,3321,22001,FONDO BIBLIOGRAFICO,5000.0,6230.95,10962.62
2018.0,3321,22002,MATERIAL DIDACTICO ACTIVIDADES ARCHIVO,1500.0,1500.0,70.0
2018.0,3321,22609,ACTIV. FOMENTO DE  LECTURA Y TALLERES PARA NIÑOS,3000.0,3382.5,893.35
2018.0,3321,22699,GTOS. FUNCIONAMIENTO BIBLIOTECA,2500.0,2500.0,0.0
2018.0,3321,22799,TALLERES BIBLIOTECA Y ARCHIVO,1000.0,1000.0,450.0
2018.0,3321,48000,BECAS SALAS DE ESTUDIO,3000.0,299.87,249.0
2018.0,3321,48001,PREMIOS CONCURSO ARCHIVO,1000.0,0.0,0.0
2018.0,333,22601,ATENCIONES PROTOCOLARIAS DEL MUSEO ARQUEOLOGICO,2500.0,2500.0,1048.21
2018.0,333,22606,ESTUDIOS MUSEO ARQUEOLOGICO,5050.0,7082.5,3881.99
2018.0,333,22609,ACTIVIDADES MUSEO ARQUEOLOGICO LOS BAÑOS,4500.0,4500.0,4209.85
2018.0,333,22699,GTOS. DIVERSOS MUSEO ARQUEOLOGICO LOS BAÑOS,4000.0,4000.0,1305.77
2018.0,333,22799,ATENCION PUBLICO Y GUIA DEL MUSEO ARQUEOLOGICO,3000.0,3000.0,0.0
2018.0,334,20200,ARRENDAMIENTOS CINE VELASCO,34000.0,35853.05,35811.18
2018.0,334,21200,MTO. EDIFICIOS CULTURA,6000.0,6000.0,3266.7
2018.0,334,22000,MATERIAL OFICINA CULTURA,500.0,752.5,220.4
2018.0,334,22100,ENERGIA ELECTRICA EDIFICIOS CULTURA,32500.0,34002.16,34002.16
2018.0,334,22300,VIAJES CULTURALES,100.0,100.0,160.0
2018.0,334,22400,SEGUROS EXPOSICIONES CULTURA,600.0,600.0,0.0
2018.0,334,22601,GASTOS PROTOCOLO CULTURA,4500.0,3823.96,2746.19
2018.0,334,22602,PUBLICIDAD Y PROPAGANDA CULTURA,0.0,0.0,1505.24
2018.0,334,22608,TALLERES CULTURA,11280.0,9280.0,1679.0
2018.0,334,22609,TEATRO,30000.0,34217.99,39081.86
2018.0,334,22610,MUSICA,10500.0,10500.0,15425.6
2018.0,334,22611,CINE VERANO Y CURSO CINEMATOGRAFICO,3000.0,1500.0,435.6
2018.0,334,22612,"GASTOS EXPOSICIONES, CONCURSOS Y CERTAMENES CULTUR",10000.0,11934.08,3541.53
2018.0,334,22613,JURADOS CERTAMENES CULTURA,2500.0,2500.0,0.0
2018.0,334,22699,GASTOS FUNCIONAMIENTO CULTURA,3500.0,3500.0,312.55
2018.0,334,22700,LIMPIEZA EDIFICIOS CULTURA,82394.16,82394.16,82394.16
2018.0,334,22701,VIGILANCIA Y SEGURIDAD EXPOS. CULTURA,500.0,500.0,0.0
2018.0,334,22799,RAIDER TECNICO CINE VELASCO Y OTRAS SONORIZACIONES,36940.0,36940.0,62241.84
2018.0,334,24000,GASTOS EDICION CULTURA,13000.0,13193.8,9129.22
2018.0,334,24001,"CARTELERIA, EDICIONESY DISEÑOS EXPOSICIONES Y OTR.",2000.0,2847.0,7820.27
2018.0,334,48000,CONVENIO JUNTA DE COFRADIAS,31875.0,31875.0,31875.0
2018.0,334,48002,CONVENIO ESCUELA DE MUSICA,96000.0,96000.0,96000.0
2018.0,334,48003,CONVENIO BANDA DE MUSICA,9000.0,9000.0,9000.0
2018.0,334,48004,CONVENIO AGRUPACION CORAL DE ALHAMA,2500.0,2500.0,2500.0
2018.0,334,48006,"PREMIOS CERTAMENES A.M.M, P.R. Y TEATRO AMATEUR",15000.0,15000.0,6360.02
2018.0,334,48007,CONVENIO GRUPO FOLKLORICO VILLA DE ALHAMA,4000.0,4000.0,4000.0
2018.0,334,48008,CONVENIO GRUPO FOLKLORICO VIRGEN DEL ROSARIO,4000.0,4000.0,4000.0
2018.0,334,48009,SUBVENCION A PROYECTOS CREATIVOS CULTURA,3000.0,0.0,0.0
2018.0,334,48010,SUBV. PARA INSONOR. LOCALES ASOCIACIONES,10000.0,-5.75539615966e-13,0.0
2018.0,334,60900,MONUMENTOS Y PLACAS CONMEMORATIVAS,0.0,13613.93,11282.87
2018.0,334,62500,EQUIPAMIENTO CULTURA,5000.0,5880.09,5880.09
2018.0,336,13100,PERS. L.T. EXCAV.  CASTILLO I y II - 2017 ,0.0,67993.45,81112.96
2018.0,336,13101,RETRIB. ARQUEOLOGIA Y ARQUITECT. DEL AGUA I,0.0,87402.03,84894.1
2018.0,336,13102,RETRIB. ARQUEOLOGIA Y ARQUITECT. DEL AGUA II,0.0,48588.6,0.0
2018.0,336,16001,SEG. SOCIAL EXCAVAC.. CASTILLO I y  II - 2017,0.0,46534.09,32759.92
2018.0,336,16003,SEG. SOC. ARQUEOL. Y ARQUITECT. DEL AGUA I,0.0,30616.08,29762.55
2018.0,336,16004,SEG. SOC. ARQUEIL. Y ARQUITECT. DEL AGUA II,0.0,11411.4,0.0
2018.0,336,22400,SEGURO PARTICIPANTES EN CAMPO DE TRABAJO EL CASTIL,300.0,300.0,0.0
2018.0,336,22695,ARQUEOLOGIA Y ARQUITECT. DEL AGUA II,0.0,0.0,0.0
2018.0,336,22696,S.E.F. PROYECTO CASTILLO Y LAS PALERAS,8000.0,8000.0,7833.75
2018.0,336,22697,ARQUEOLOGIA Y ARQUITECTURA DEL AGUA I,8400.0,8400.0,7012.87
2018.0,336,22698,"GASTOS CAMPO TRABAJO ""CERRO DEL CASTILLO""",6000.0,6000.0,2504.22
2018.0,336,22699,"EXCAV. ARQUEOL., ESTUDIO Y MTO. YACIMIENTOS",6000.0,9571.8,7596.49
2018.0,336,22700,CATALOGO E INVENTARIO PIEZAS DEL MUSEO L.B.,0.0,4000.0,0.0
2018.0,336,22799,VISITAS GUIADAS AL CASTILLO Y OTRAS RECREACIONES,2178.0,2178.0,544.5
2018.0,337,12001,RETRIBUCIONES BASICAS JUVENTUD A2,14746.8,14746.8,15287.7
2018.0,337,12003,RETRIB. BASICAS JUVENTUD-C1,13950.1,13950.1,15802.41
2018.0,337,12004,RETRIB. BASICAS JUVENTUD-C2,9692.05,9692.05,11298.98
2018.0,337,12100,COMPLEMENTO DESTINO JUVENTUD,19586.26,19586.26,16436.24
2018.0,337,12101,COMPLEMENTO ESPECIFICO JUVENTUD,24593.99,24593.99,19616.24
2018.0,337,15000,PRODUCTIVIDAD FUNCIONARIOS JUVENTUD,3096.35,3096.35,0.0
2018.0,337,15100,GRATIFICACIONES PERSONAL DE JUVENTUD,0.0,0.0,8257.62
2018.0,337,16000,SEGURIDAD SOCIAL FUNCIONARIOS JUVENTUD,24210.97,24210.97,26271.96
2018.0,337,22000,MATERIAL DIDACTICO JUVENTUD,500.0,500.0,71.01
2018.0,337,22101,MATERIALES Y JUEGOS LUDOTECA,500.0,500.0,520.81
2018.0,337,22199,GTOS. FUNCIONAMIENTO JUVENTUD,400.0,900.0,605.87
2018.0,337,22300,TRANSPORTE PARA ACTIVIDADES JUVENILES,1000.0,1000.0,1480.03
2018.0,337,22606,CURSOS CONCEJALIA JUVENTUD,7000.0,7000.0,3525.3
2018.0,337,22609,ACTIVIDADES Y PROGRAMAS JUVENILES,13300.0,13300.0,18780.59
2018.0,337,22700,LIMPIEZA EDIFICIOS JUVENTUD,22014.96,22014.96,22014.96
2018.0,337,22709,"CTO. LUDOTECA ""LA COMETA ALEGRE""",13100.0,13100.0,10780.0
2018.0,337,22790,SONORIZ. E ILUMINACIONES ACT. JUVENILES,10178.0,10178.0,12551.95
2018.0,337,22799,CAMPAMENTOS VERANO,6000.0,6000.0,1113.36
2018.0,337,48000,CONCURSO C.JUVENTUD,1000.0,0.0,0.0
2018.0,337,78000,EQUIPAM. LOCAL JOVEN EN CIRCULO INSTRUCT. OBRERO,15000.0,15000.0,15000.0
2018.0,338,21000,ACONDICIONAMIENTO ESPACIOS PARA FESTEJOS,0.0,0.0,138.73
2018.0,338,22000,MATERIAL OFICINA Y OTROS GTOS. FESTEJOS,3180.0,3180.0,3844.27
2018.0,338,22105,PRODUCTOS ALIMENTICIOS PARA  FESTEJOS,17000.0,23154.0,21053.31
2018.0,338,22199,SUMINISTROS VARIOS ACTIV. FESTEJOS,7600.0,19600.0,18216.01
2018.0,338,22400,SEGUROS POR SUSPENSION CONCIERTOS,2500.0,2500.0,1628.48
2018.0,338,22601,PREGON FERIA Y CORREMAYO MAYOR,1500.0,5500.0,5033.08
2018.0,338,22609,"ESPECTACULOS, FESTIVALES, CONCIERTOS Y OTROS",95200.0,96020.5,83670.89
2018.0,338,22698,OTRAS ACTIVIDADES FESTEJOS,19180.0,27180.0,26518.5
2018.0,338,22699,TROFEOS Y OBSEQUIOS FESTEJOS,8620.0,8862.0,3786.85
2018.0,338,22701,SERVICIOS SEGURIDAD EN FESTEJOS,19700.0,19700.0,23939.85
2018.0,338,22797,PIROTECNIA FESTEJOS,6600.0,6600.0,7044.73
2018.0,338,22798,"INFRAESTR., ESCENARIOS, CARPAS,,,, FESTEJOS",22000.0,22000.0,17384.69
2018.0,338,22799,SONORIZACION E ILUMIN. EVENTOS FESTEJOS,39000.0,52423.5,59228.29
2018.0,338,24000,"EDICIONES, DISEÑOS, CARTELERIA FESTEJOS",14400.0,14600.0,20943.03
2018.0,338,48000,CONCURSOS CARTELES ANUNCIADORES FIESTAS,600.0,900.0,900.0
2018.0,338,48001,PREMIOS CARNAVAL,3500.0,1760.0,1760.0
2018.0,338,48002,"PREMIOS MAYOS, CRUCES Y ARROCES",7120.0,7090.0,6990.0
2018.0,338,48003,PREMIOS FERIA,10000.0,9880.0,9280.0
2018.0,338,48004,SUBV. A ASOCIACIONES DE BARRIOS,6000.0,6000.0,5999.97
2018.0,338,48005,SUBVENCIONES A PEÑAS RECTIFICAC. CARROZAS,0.0,2800.0,2800.0
2018.0,338,62500,EQUIPAMIENTO FESTEJOS,100.0,100.0,0.0
2018.0,340,12001,RETRIB. BASICAS DEPORTES-A2,6671.05,671.05,0.0
2018.0,340,12003,RETRIB. BASICAS DEPORTES-C1,27900.2,27900.2,25698.89
2018.0,340,12004,RETRIB. BASICAS DEPORTES-C2,4328.61,328.61,0.0
2018.0,340,12100,COMPLEMENTO DESTINO DEPORTES,21073.22,13573.22,10024.49
2018.0,340,12101,COMPLEMENTO ESPECIFICO DEPORTES,23958.23,15458.23,10821.72
2018.0,340,15000,PRODUCTIVIDAD FUNCIONARIOS DEPORTES,3147.42,3147.42,0.0
2018.0,340,16000,SEGURIDAD SOCIAL FUNCIONARIOS DEPORTES,21345.58,21345.58,11415.69
2018.0,341,22000,MATERIAL DE OFICINA DEPORTES,300.0,300.0,106.78
2018.0,341,22104,VESTUARIO DEPORTE ESCOLAR MILLA URBANA,3000.0,3000.0,3031.05
2018.0,341,22105,CATERING ACTIVIDADES DEPORTIVAS,2000.0,2000.0,1558.01
2018.0,341,22199,MATERIAL DEPORTIVO Y OTROS,3000.0,3000.0,2770.09
2018.0,341,22300,TRANSPORTE DEPORTE ESCOLAR Y OTROS,5500.0,5500.0,6248.0
2018.0,341,22400,SEGUROS ACTIVIDADES DEPORTIVAS,800.0,800.0,2404.75
2018.0,341,22602,PUBLICIDAD Y PROPAGANDA DEPORTES,500.0,500.0,968.0
2018.0,341,22609,ACTIVIDADES DEPORTIVAS Y ASES. GIMNASIO,54682.32,54682.32,57666.18
2018.0,341,22610,PROGRAMA DEPORTE ESCOLAR,26000.0,14000.0,13671.79
2018.0,341,22699,GTOS. DIVERSOS DEPORTES,13600.0,13600.0,13133.92
2018.0,341,22701,CTO. GESTION INTEGRAL CONSERJERIA,203900.0,203900.0,199126.69
2018.0,341,22799,CTO. GESTION INTEGRAL PISCINA,255123.0,229223.0,228355.85
2018.0,341,24000,"EDICIONES, FOLLETOS Y CARTELERIA DEPORTES",6000.0,2327.2,108.9
2018.0,341,48002,TRANSFERENCIAS PROGRAMA DEPORTES,52000.0,52000.0,52000.0
2018.0,341,48003,CONVENIO ASOC. DE CLUBES DEPORTIVOS,35000.0,35000.0,34000.0
2018.0,341,48004,CONVENIO MOTOCLUB ALHAMA,6000.0,6000.0,6000.0
2018.0,3421,21300,MTO. INSTALACIONES DEPORTIVAS,61100.0,58550.0,56607.61
2018.0,3421,22100,ENERGIA ELECTRICA EDIFICIOS DEPORTES,120000.0,117915.85,110409.02
2018.0,3421,22102,GAS PISCINA Y POLIDEPORT. PRAICO,20000.0,65672.8,64676.46
2018.0,3421,22103,COMBUSTIBLE PABELLON Y POLID. GUADALENTIN,11400.0,2400.0,995.58
2018.0,3421,22700,LIMPIEZA EDIFICIOS DEPORTES,110544.48,110544.48,110544.48
2018.0,3421,60900,CONSTRUCC. PABELLON DEPORTIVO EN EL PRAICO,0.0,1380000.0,0.0
2018.0,3421,63200,ADECUACION DE INSTALACIONES DEPORTIVAS,12000.0,53431.42,9438.0
2018.0,422,21000,CUOTA MTO. PARQUE INDUSTRIAL,4900.0,8545.92,8545.92
2018.0,422,45100,CONVENIO INDUSTRIALHAMA - FORMACION,3000.0,3000.0,0.0
2018.0,422,48000,CONVENIO ENTIDAD URBANISTICA E.U.C.P.I.A,36000.0,36000.0,36000.0
2018.0,422,62500,EQUIPAMIENTO INDUSTRIA,100.0,100.0,0.0
2018.0,422,75100,CONVENIO INDUSTRIALHAMA - CAPITAL,20000.0,16354.08,0.0
2018.0,430,12001,RETRIB. BASICAS TURISMO Y COMERCIO-A2,15277.65,15277.65,10442.04
2018.0,430,12004,RETRIB. BASICAS TURISMO Y COMERCIO-C2,18090.56,18090.56,11435.38
2018.0,430,12100,COMPL. DESTINO TURISMO Y COMERCIO,19144.07,19144.07,11889.16
2018.0,430,12101,COMPL. ESPEC. TURISMO Y COMERCIO,22165.15,22165.15,8065.95
2018.0,430,13100,PERSONAL LABORAL TEMPORAL TURISMO,0.0,0.0,8230.93
2018.0,430,14300,PERSONAL FUNCIONARIO INTERINO TURISMO,0.0,0.0,0.0
2018.0,430,15000,PRODUCT. FUNC.  TURISMO Y COMERCIO,2800.4,2800.4,0.0
2018.0,430,15100,GRATIFICACIONES PERSONAL TURISMO Y COMERCIO,0.0,0.0,0.0
2018.0,430,16000,SEG. SOCIAL FUNC. TURISMO Y COMERCIO,21220.34,21220.34,8125.6
2018.0,430,16001,SEGURIDAD SOCIAL PERS. LABORAL TURISMO Y COMERCIO,0.0,0.0,206.61
2018.0,4310,22000,"PROGRAMA ""ALHAMA LIMPIA Y RECICLA""",6000.0,6000.0,0.0
2018.0,4310,22100,ENERGIA ELECTRICA EDIFICIOS COMERCIO,1900.0,1900.0,1299.54
2018.0,4310,22601,ATENCIONES PROTOCOLARIAS COMERCIO,500.0,500.0,0.0
2018.0,4310,22602,CAMPAÑAS PROMOCIONALES COMERCIO,4000.0,4000.0,774.4
2018.0,4310,22606,CURSO FORMACION COMERCIO Y HOSTELERIA,2000.0,1679.75,0.0
2018.0,4310,22699,GTOS. DIVERSOS COMERCIO,5000.0,5000.0,5479.21
2018.0,4310,22700,LIMPIEZA EDIFICIOS COMERCIO,11061.36,11061.36,11061.36
2018.0,4310,24000,"EDICIONES, FOLLETOS Y CARTELES COMERCIO",4000.0,4000.0,2914.65
2018.0,4310,48000,CONVENIO ASOCIACION COMERCIANTES,6000.0,6000.0,6000.0
2018.0,4310,48001,PREMIOS CONCURSO COMERCIANTES,1500.0,1500.0,1500.0
2018.0,4311,22105,CATERING FERIAS Y EXPOSICIONES AGRICULTURA,3000.0,3000.0,2800.0
2018.0,4311,22606,FERIA ARTESANIA GREMIO ARTESANOS,1000.0,1000.0,576.2
2018.0,4311,22609,FERIAS Y EXPOSICIONES COMERCIO Y  AGRICULTURA,5000.0,5000.0,770.0
2018.0,4311,22610,"PROGRAMA ""ALHAMA EN LA CALLE""",5000.0,5000.0,4320.79
2018.0,4311,22799,"SONORIZACIÓN, ILUMINACION, FERIAS  Y EXPOSICIONES ",2000.0,2000.0,0.0
2018.0,4312,21200,MANTENIMIENTO PZA.ABASTOS Y MERCADO,1000.0,1000.0,472.86
2018.0,4312,22799,GRAFITIS EN PERSIANAS PLAZA DE ABASTOS,6000.0,6000.0,0.0
2018.0,4312,62500,COMPRA DE 14 ASEOS PORTARTILES PARA MERCADO,406.72,14726.97,14320.35
2018.0,4312,63200,RENOVAC. TEJADOS Y ADECUAC. ACCESOS MERCADO ABASTO,0.0,67063.28,60310.22
2018.0,432,20300,SONORIZ. SERENATA Y OTROS S.SANTA,1300.0,1300.0,1406.02
2018.0,432,21200,MTO. Y CONSERVACION OFICINA DE TURISMO,100.0,100.0,19.95
2018.0,432,21900,"""Q CALIDAD TURISTICA"" MARCA Y SUSCRIPCION",1250.0,1250.0,813.12
2018.0,432,22100,ENERGIA ELECTRICA EDIFICIOS TURISMO,2000.0,2000.0,1519.73
2018.0,432,22104,VESTUARIO PERSONAL INFORMACION Y TURISMO,250.0,250.0,0.0
2018.0,432,22199,SEÑALIZ. RUTA TURISTICA Y OTROS GTOS.,4500.0,4500.0,0.0
2018.0,432,22299,DESARROLLO APLICACIONES DIFUSION TURISTICA y OTROS,6000.0,6000.0,0.0
2018.0,432,22601,GASTOS DE PROMOCION TURISTICA (MERCH...),7295.0,7295.0,3627.53
2018.0,432,22602,PUBLICIDAD PROMOC. Y DIFUSION INTERES TURISTICO,6000.0,6000.0,10168.84
2018.0,432,22609,VISITAS TURISTICAS Y GUIAS,15000.0,15000.0,7873.0
2018.0,432,22699,GASTOS DIVERSOS TURISMO,1000.0,1000.0,0.0
2018.0,432,22702,LIMPIEZA EDIFICIOS TURISMO,322.92,322.92,322.92
2018.0,432,22798,SERV. PROFES. PARA ATENDER OFICINA TURISMO,6000.0,6000.0,0.0
2018.0,432,22799,CTOS. TRADUCCION Y MTO. WED TURISTICA,5000.0,5000.0,3327.5
2018.0,432,24000,EDICIONES Y FOLLETOS C.TURISMO,10500.0,10500.0,4740.54
2018.0,432,48001,BECAS PERSONAL TURISMO,6000.0,6000.0,2260.0
2018.0,432,48002,"APORTACION "" VIAS VERDES""",5100.0,5100.0,4612.26
2018.0,432,48003,APORTAC. MANCOMUNIDAD TURISTICA S.ESPUÑA,36647.0,60417.0,60413.75
2018.0,432,62500,EQUIPAMIENTO TURISMO,2000.0,2000.0,0.0
2018.0,450,12003,RETRIBUCIONES BASICAS BRIGADAS-C1,10215.97,8215.97,0.0
2018.0,450,12004,RETRIBUCIONES BASICAS BRIDADAS-C2,93653.25,93653.25,39248.89
2018.0,450,12005,RETRIBUCIONES BASICAS BRIGADAS-E,170684.26,153674.62,102464.43
2018.0,450,12100,COMPLEMENTO DESTINO BRIGADAS,135498.53,97415.63,55643.18
2018.0,450,12101,COMPLEMENTO ESPECIFICO BRIGADAS,213991.09,159360.02,91289.18
2018.0,450,13100,PERS. LABORAL TEMPORAL BRIGADAS,0.0,0.0,18678.23
2018.0,450,14300,FUNCIONARIOS INTERINOS BRIGADAS ,0.0,0.0,117283.02
2018.0,450,15000,PRODUCTIVIDAD FUNCIONARIOS BRIGADAS,23401.62,23401.62,46485.85
2018.0,450,15100,GRATIFICACIONES PERSONAL DE BRIGADAS,0.0,0.0,1119.62
2018.0,450,16000,SEGURIDAD SOCIAL FUNCIONARIOS BRIGADAS,189965.36,178855.69,107194.98
2018.0,450,16001,SEGURIDAD SOCIAL PERS. LABORAL BRIGADAS,0.0,0.0,47761.3
2018.0,450,20400,ARRENDAMIENTO DE VEHICULOS Y OTR. MAT. DE TRANSPOR,30000.0,30000.0,8411.45
2018.0,450,21300,MTO. MAQUINARIA Y UTILLAJE BRIGADAS,4500.0,4500.0,1786.25
2018.0,450,21400,MTO. VEHICULOS BRIGADAS,25000.0,25000.0,17970.21
2018.0,450,21600,PROGRAMA INFORMATICO GESTION BRIGADAS,3126.0,3126.0,3630.0
2018.0,450,22103,COMBUSTIBLE VEHICULOS BRIGADAS,23960.18,25960.18,7403.23
2018.0,450,22104,VESTUARIO PERSONAL BRIGADAS,9000.0,9000.0,2678.23
2018.0,450,22105,PRODUCTOS ALIMENTACION BRIGADAS ,0.0,0.0,224.51
2018.0,450,22192,MATERIAL TECNICO Y ESPECIAL BRIGADAS,0.0,0.0,751.25
2018.0,450,22199,MATERIALES Y SUMINISTROS BRIGADAS,18000.0,18000.0,9994.53
2018.0,450,22700,LIMPIEZA EDIFICIOS BRIGADAS,605.52,605.52,605.52
2018.0,450,62300,EQUIPAMIENTO BRIGADAS,1000.0,1000.0,0.0
2018.0,450,62400,VEHICULO CAMION GRUA BRIGADAS,0.0,70180.0,0.0
2018.0,450,62500,MAQUINARIA Y HERRAMIENTAS BRIGADAS,5000.0,5000.0,2171.43
2018.0,454,21001,MEJORA RED VIARIA-BACHEOS,30000.0,30000.0,771.98
2018.0,454,22104,DESBROCE Y TRAT. FITOSANITARIO CAMINOS,12000.0,12000.0,23269.51
2018.0,454,22501,TASA OCUPAC. TERRENOS FORESTALES Y RED CTRAS.,3000.0,3000.0,0.0
2018.0,454,61900,EQUIPAMIENTO CAMINOS VECINALES,1000.0,1000.0,0.0
2018.0,454,61901,RENOVAC. SEÑALES VERTICALES EN CAMINOS,6000.0,6000.0,0.0
2018.0,491,12003,RETRIB. BASICAS N.TEGNOLOGIAS-C1,30674.95,30674.95,15338.23
2018.0,491,12004,RETRIB. BASICAS N.TEGNOLOGIAS-C2,28042.22,28042.22,39861.16
2018.0,491,12100,RETRIB.COMPLEMENT.PERSONAL INFORMATICA,38743.92,38743.92,23786.78
2018.0,491,12101,COMPLEMENTO ESPECIFICO NUEVAS TECNOLOG.,56197.42,56197.42,36051.09
2018.0,491,15000,PRODUCTIVIDAD FUNCIONARIOS N. TECNOLOGIAS,5762.19,5762.19,2648.89
2018.0,491,16000,SEGURIDAD SOCIAL FUNCIONARIOS N.TEGNOLOGIAS,40301.17,40301.17,34704.62
2018.0,491,21300,MTO. CENTRO PROCESO DE DATOS Y OTRA MAQUINARIA,56800.0,56800.0,806.34
2018.0,491,21301,MANTENIMIENTO Y REPARACION MAQUINARIA Y OTR.,0.0,0.0,90.0
2018.0,491,22000,CONSUMIBLES INFORMATICOS,8000.0,8000.0,6588.79
2018.0,491,22202,ADQUISIC. DE TERMINALES Y TELECOMUNICACIONES,0.0,0.0,1069.93
2018.0,491,22701,CERTIFICADOS DIGITALES,3000.0,3000.0,818.24
2018.0,491,22798,MANTENIMIENTO WEB MUNICIPAL,15000.0,15000.0,14883.0
2018.0,491,22799,MANTENIMIENTO PROGRAMAS INFORMATICOS,92880.0,92880.0,62754.18
2018.0,491,62600,ADQUISICION EQUIPOS INFORMATICOS,8300.0,71220.0,66233.77
2018.0,491,62601,PTOS. PART. ADQUISIC. EQUIPOS Y LICENCIAS INFORMAT,0.0,70000.0,0.0
2018.0,493,22699,ACTIVIDADES DE DIVULGACION AL CONSUMIDOR,467.72,467.72,0.0
2018.0,493,22799,GESTION OMIC,21175.0,21175.0,20580.64
2018.0,493,62500,EQUIPAMIENTO CONSUMO,300.0,300.0,0.0
2018.0,912,10000,RETRIB. ORGANOS DE GOBIERNO,171484.6,170584.6,168999.91
2018.0,912,11000,PERSONAL CONFIANZA ORG. GOBIERNO,28011.95,28011.95,27855.9
2018.0,912,15001,PRODUCTIVIDAD PERSONAL CONFIANZA,1050.45,1050.45,225.23
2018.0,912,16001,SEG. SOCIAL PERSONAL CONFIANZA,8991.83,8991.83,9167.45
2018.0,912,16002,SEG. SOCIAL ORGANOS DE GOBIERNO,52988.74,52988.74,52379.6
2018.0,912,22101,SUMINISTRO AGUA PLENO,250.0,250.0,0.0
2018.0,912,22601,ATENCIONES PROTOCOLARIAS ORG. GOBIERNO,10500.0,10500.0,7202.53
2018.0,912,22699,ACTOS INSTITUCIONALES E IMPREVISTOS,8000.0,8000.0,0.0
2018.0,912,23000,DIETAS ORGANOS GOBIERNO,900.0,900.0,907.47
2018.0,912,23100,LOCOMOCION ORGANOS GOBIERNO,900.0,900.0,309.61
2018.0,912,23300,ASISTENCIAS  MIEMBROS GOBIERNO,23520.0,23520.0,28300.0
2018.0,912,23301,ASISTENCIAS RESTO MIEMBROS  CORPORACION,53280.0,54180.0,58970.0
2018.0,912,24000,EDICIONES  Y PUBLICACIONES ORGANOS GOBIERNO,900.0,900.0,82.28
2018.0,912,46800,ALCALDE PEDANEO DE EL BERRO,900.0,900.0,900.0
2018.0,912,46801,ALCALDE PEDANEO DE GEBAS,900.0,900.0,900.0
2018.0,912,46802,ALCALDE PEDANEO DE EL CAÑARICO,900.0,900.0,900.0
2018.0,912,46803,ALCALDE PEDANEO DE LA COSTERA,900.0,900.0,900.0
2018.0,912,46804,ALCALDE PEDANEO DE LAS CAÑADAS,900.0,900.0,900.0
2018.0,912,48000,DOTACION ECONOMICA P.P.,12200.0,12200.0,12120.0
2018.0,912,48001,DOTACION ECONOMICA C'S CIUDADANOS,8520.0,8520.0,8520.0
2018.0,912,48002,DOTACION ECONOMICA P.S.O.E.,13560.0,13560.0,13560.0
2018.0,912,48003,DOTACION ECONOMICA I.U.,9240.0,9240.0,9240.0
2018.0,9200,12000,RETRIB. BASICAS ADMON. GRAL-A1,36773.96,36773.96,57986.61
2018.0,9200,12001,RETRIB. BASICAS ADMON. GRAL-A2,44865.18,44865.18,50118.28
2018.0,9200,12003,RETRIB. BASICAS ADMON. GRAL-C1,49452.39,42452.39,30543.91
2018.0,9200,12004,RETRIB. BASICAS ADMON. GRAL-C2,88913.23,70590.57,71270.71
2018.0,9200,12005,RETRIB. BASICAS ADMON. GRAL-E,23649.11,23649.11,18678.31
2018.0,9200,12100,COMPLEMENTO DESTINO ADMON. GRAL.,136434.34,106473.91,97702.74
2018.0,9200,12101,COMPLEMENTO ESPECIFICO ADMON. GRAL.,190931.89,140742.55,127967.64
2018.0,9200,13100,PERSONAL LABORAL TEMPORAL ADMON. GRAL.,61290.57,61290.57,70543.8
2018.0,9200,14300,FUNCIONARIOS INTERINOS ADMON. GRA.,0.0,0.0,0.0
2018.0,9200,15000,PRODUCTIVIDAD FUNCIONARIOS ADMON. GRAL.,21413.25,21413.25,13860.0
2018.0,9200,15001,PRODUCTIVIDAD LABORALES ADMON. GRAL.,2298.4,2298.4,6322.0
2018.0,9200,15100,GRATIFICACIONES PERSONAL ADMON. GRAL.,0.0,0.0,4517.1
2018.0,9200,15101,GRATIFICACIONES ADMON GRAL.,0.0,0.0,1404.87
2018.0,9200,16000,SEGURIDAD SOCIAL FUNCIONARIOS ADMON. GRAL.,149587.13,139587.13,107141.05
2018.0,9200,16001,SEGURIDAD SOCIAL LABORALES ADMON. GRAL.,19674.27,19674.27,20528.2
2018.0,9200,21200,MANTENIMIENTO EDIFICIOS E INSTALAC. PUBL.,20000.0,10894.11,7375.95
2018.0,9200,21300,MANTENIM. MAQUINARIA EDIFICIOS PUBLICOS,60000.0,60000.0,97948.82
2018.0,9200,22000,MATERIAL OFICINA ADMON. GRAL.,15000.0,17444.52,13595.4
2018.0,9200,22001,"PRENSA, LIBROS, REVISTAS ADMON. GRAL.",10000.0,10000.0,7193.06
2018.0,9200,22100,SUMINISTRO ENERGIA ELECTRICA ADMON. GRAL.,68000.0,80535.81,80535.81
2018.0,9200,22105,"SUM. AGUA Y OTROS PARA COMISIONES, PLENOS..",0.0,200.0,167.2
2018.0,9200,22112,MAT. ELECTRONICO Y DE TELECOMUNICAC.,2000.0,2000.0,4339.19
2018.0,9200,22200,COMUNICACIONES TELEFONICAS ADMON. GRAL.,37000.0,40500.0,50920.4
2018.0,9200,22201,COMUNICACIONES POSTALES Y MENSAJERIA,40000.0,56900.0,39082.3
2018.0,9200,22400,PRIMAS DE SEGUROS,61000.0,61000.0,79632.9
2018.0,9200,22500,"TRIBUTOS, TASAS Y OTROS",20000.0,24500.0,19792.01
2018.0,9200,22602,PUBLICIDAD Y PROPAGANDA ADMON. GRAL.,39000.0,40325.13,50430.63
2018.0,9200,22604,GASTOS JURIDICOS Y CONTENCIOSOS,49500.0,49500.0,45931.61
2018.0,9200,22606,CURSO NUEVA LEY DE CONTRATOS,0.0,0.0,2700.0
2018.0,9200,22607,GASTOS PRUEBAS SELECTIVAS Y OPOSICIONES,2000.0,2000.0,0.0
2018.0,9200,22699,"MUPIS, ROLL-UP Y OTROS PARA EVENTOS MPLES.",2000.0,2000.0,156.3
2018.0,9200,22700,LIMPIEZA EDIFICIOS MUNICIPALES,22072.68,22072.68,22072.68
2018.0,9200,22701,CERTIFICADOS EMPLEADO PUBLICO,0.0,0.0,62.7
2018.0,9200,22702,PTOS. PARTICIPATIVOS-ASISTENC. TECNICAS Y OTROS,18000.0,20300.0,904.1
2018.0,9200,22703,"ASISTENC., MANTEN., LICENCIAS INFORMAT. Y OTR.",16000.0,17600.0,6912.73
2018.0,9200,22793,TRANSP. Y RECOGIDA EFECTIVO OFIC. RECAUDACION,0.0,0.0,3275.3
2018.0,9200,22794,ACTUAC. PRENVENCION RIESGOS LABORALES EN EDIF.,5000.0,5000.0,0.0
2018.0,9200,22795,CTO. DISEÑO GRAFICO Y PORTAL WEB,5800.0,5800.0,15649.35
2018.0,9200,22796,CTO. TAREAS NO ESTRUCTURALES EN CENTROS MPLES.,68000.0,68000.0,90344.28
2018.0,9200,22797,SERV. CONSULTORIA Y ASIST. ECONOMICO-FINANCIERA,17600.0,17600.0,8772.5
2018.0,9200,22798,ATENC. INTEGRAL SECRETARIA ALCALDIA,14520.0,14520.0,10890.0
2018.0,9200,22799,PREVENC. RIESGOS LABORALES Y VIGILANCIA SALUD,24000.0,24000.0,11287.2
2018.0,9200,23020,DIETAS ADMON. GRAL.,1000.0,1000.0,281.2
2018.0,9200,23120,LOCOMOCION ADMON. GRAL.,6800.0,6800.0,1704.07
2018.0,9200,23300,ASISTENCIA A TRIBUNALES,8000.0,8000.0,3110.8
2018.0,9200,23301,OTRAS INDEMNIZACIONES,6000.0,6000.0,0.0
2018.0,9200,23302,INDEMNIZAC. POR RESPONSABILIDAD PATRIMONIAL,10000.0,10000.0,226.24
2018.0,9200,24000,PUBLICACIONES B.O.R.M. Y B.O.E.,18000.0,18000.0,11411.12
2018.0,9200,62300,MAQUINARIA Y OTRAS INVERS. ADMON. GRAL.,1000.0,6981.94,6806.94
2018.0,9200,62700,PTOS. PARTICIPATIVOS-PROGRAMAS ACTUACION,15000.0,15000.0,0.0
2018.0,9200,62702,PTOS. PARTICIPATIVOS- ACTUAC. SELECC. 2018,36546.62,36546.62,1810.16
2018.0,9200,62900,ACTUAC. PREVENCION RIESGOS LABORALES EN EDIFICIOS,5000.0,5000.0,2359.5
2018.0,9201,21000,MANT. DIVERSAS INFRAESTRUCTURAS EN PEDANIAS,7500.0,5055.48,3757.79
2018.0,9201,22001,"PRENSA, REVISTAS,,, EN CENTROS SOCIALES PEDANIAS",1000.0,1000.0,294.01
2018.0,9201,22100,ENERGIA ELECTRICA EDIFICIOS PEDANIAS,9000.0,9796.85,9796.85
2018.0,9201,22200,MOVILIDAD PEDANIAS (SERV. TAXIS),0.0,0.0,75.94
2018.0,9201,22300,TRANSPORTE BANDA MUSICA Y OTR. ACTIV. PEDANIAS,1500.0,1500.0,949.0
2018.0,9201,22301,APOYO TRANSPORTE COLECTIVO PEDANIAS,12000.0,12000.0,3542.16
2018.0,9201,22601,TROFEOS Y OBSEQUIOS PEDANIAS,500.0,500.0,500.0
2018.0,9201,22602,PUBLICIDAD Y PROPAGANDA PEDANIAS,500.0,174.87,0.0
2018.0,9201,22606,TALLERES EN PEDANIAS,15500.0,12000.0,9921.3
2018.0,9201,22609,ACTIVIDADES CULTURALES EN PEDANIAS,5000.0,5000.0,3706.96
2018.0,9201,22699,OTROS GASTOS DIVERSOS PEDANIAS,5000.0,5000.0,4813.38
2018.0,9201,22700,LIMPIEZA EDIFICIOS PUBL. EN PEDANIAS,29567.52,29567.52,29567.52
2018.0,9201,22701,CONSERJES PARA CONTROL Y MTO. TELECENTROS,4920.0,4920.0,4170.0
2018.0,9201,24000,EDICIONES Y CARTELERIA PEDANIAS,500.0,500.0,0.0
2018.0,9201,60900,INVERSIONES EN PEDANIAS,0.0,3623.95,3623.95
2018.0,924,48000,SUBVENCION FIESTAS LAS CAÑADAS,3500.0,3500.0,3500.0
2018.0,924,48001,SUBVENCION FIESTAS EL CAÑARICO,3500.0,3500.0,3500.0
2018.0,924,48002,SUBVENCION FIESTAS LA COSTERA,3500.0,3500.0,3500.0
2018.0,924,48003,SUBVENCION FIESTAS GEBAS,3500.0,3500.0,3500.0
2018.0,924,48004,SUBVENCION FIESTAS DE EL BERRO,3500.0,3500.0,3500.0
2018.0,924,48005,"""AUTO DE REYES"" ASOC. VEC. EL BERRO",2500.0,2500.0,2500.0
2018.0,924,48006,"""ENCUENTRO CUADRILLAS"" ASOC. CUADRILLAS BERRO",3500.0,3500.0,3500.0
2018.0,924,48007,"ASOC. VECINOS EL BERRO ""DINAMIZ. Y FUNCIONAM.""",450.0,450.0,450.0
2018.0,924,48008,"ASOC. ABEDUL EL BERRO ""DINAMIZ. Y FUNCIONAM.""",450.0,450.0,450.0
2018.0,924,48009,"ASOC. VECIONS LA COSTERA ""DINAMIZ. Y FUNCIONAM.""",900.0,900.0,900.0
2018.0,924,48010,"ASOC. VECIONS EL CAÑARICO ""DINAMIZ. Y FUNCIONAM.""",900.0,900.0,900.0
2018.0,924,48011,"ASOC. VECINOS GEBAS ""DINAMIZ. Y FUNCIONAM.""",900.0,900.0,900.0
2018.0,924,48012,"ASOC. VECIONS LAS CAÑADAS ""DINAMIZ. Y FUNCIONAM.""",900.0,900.0,900.0
2018.0,924,48013,"ASOC. VEC. LAS FLOTAS ""REHABILT. ANTIGUA ESCUELA""",15000.0,15000.0,15000.0
2018.0,931,12000,RETRIB. BASICAS ADMON. FINANC.-A1,30352.45,30352.45,26295.59
2018.0,931,12001,RETRIB. BASICAS ADMON. FINANC.-A2,18180.97,18180.97,21140.61
2018.0,931,12003,RETRIB. BASICAS ADMON. FINANC.-C1,38863.0,38863.0,22893.71
2018.0,931,12004,RETRIB. BASICAS ADMON. FINANC.-C2,33523.5,33523.5,47535.42
2018.0,931,12005,RETRIB. BASICAS ADMON. FINANC.-E,9615.67,9615.67,11370.56
2018.0,931,12100,COMPLEMENTO DESTINO ADMON. FINANC.,80354.77,70354.77,62239.66
2018.0,931,12101,COMPLEMENTO ESPECIFICO ADMON. FINANC.,129487.1,99487.1,83769.09
2018.0,931,13100,PERSONAL LABORAL ADMON. FINANCIERA,0.0,0.0,5959.27
2018.0,931,15000,PRODUCTIVIDAD FUNCIONARIOS ADMON. FINANCIERA,12764.15,12764.15,0.0
2018.0,931,16000,SEGURIDAD SOCIAL FUNCIONARIOS ADMON. FINANC.,84673.59,84673.59,79263.59
2018.0,931,16001,SEGURIDAD SOCIAL LABORALES ADMON. FINANCIERA,0.0,0.0,1554.81
2018.0,932,22000,GASTOS VARIOS ADMON FINANCIERA,0.0,0.0,12.64
2018.0,932,22500,GASTOS DE GESTION POR RECAUDACION DE TASAS E IMPUE,5000.0,36149.77,32288.67
2018.0,932,22702,VALORACIONES Y PERITAJES DE INMUEBLES,5000.0,5000.0,217.8
2018.0,932,22708,GESTION INGRESOS MUNICIPALES,770285.24,770285.24,721406.12
2018.0,932,22799,ASISTENCIAS TECNICAS DE OTRAS EMPRESAS,5000.0,5000.0,272.25
2018.0,933,60900,COMEDOR Y SALON USOS MULTIPL. C.P. SIERRA ESPUÑA,0.0,251020.0,241822.41
2018.0,933,63200,REPARACION PISTA DE ATLETISMO,0.0,550000.0,0.0
2018.0,933,63201,OBRAS DE REPARAC. PABELLON ADOLFO SUAREZ,0.0,116016.01,116016.01
2018.0,933,63202,"REMODELACION CASA CULTURA (TEJADOS, TECHOS..)",0.0,250000.0,0.0
2018.0,933,63203,PTOS. PART. ACONDIC. BASICO AUDITORIO TIERNO GALVA,0.0,143990.0,0.0
2018.0,941,46600,FEDERACION MUNICIPIOS R.MURCIA,5764.77,5764.77,5362.0
2018.0,944,46600,FEDERACION ESPAÑOLA MUNICIPIOS Y PROVINCIAS,1199.64,1199.64,1199.64
