#a,b,c,d,COFUNCION,CODECOPART,g,Descripción,Inicial,j,Modificación,Actual,O
,,,,130,12000,,RETRIBUCIONES BASICAS POLICIA A1,0.0,,0.0,0.0,0.0
,,,,130,12001,,RETRIBUCIONES BASICAS POLICIA-A2,14992.66,,0.0,14992.66,0.0
,,,,130,12002,,RETRIBUCIONES BASICAS POLICIA B,95311.72,,-45000.0,50311.72,45707.19
,,,,130,12003,,RETRIBUCIONES BASICAS POLICIA-C1,462632.68,,-20000.0,442632.68,453588.5
,,,,130,12100,,COMPLEMENTO DESTINO POLICIA,346594.64,,-85000.0,261594.64,205955.79
,,,,130,12101,,COMPLEMENTO ESPECIFICO POLICIA,862013.35,,-359000.0,503013.35,433713.02
,,,,130,15000,,PRODUCTIVIDAD FUNCIONARIOS POLICIA,63740.9,,0.0,63740.9,47961.9
,,,,130,15002,,SERVICIOS DE REFUERZO POLICIA LOCAL,0.0,,0.0,0.0,38742.0
,,,,130,15100,,GRATIFICACIONES POLICIA LOCAL,12097.07,,0.0,12097.07,74665.98
,,,,130,15101,,ASISTENCIAS A JUICIOS,0.0,,0.0,0.0,1459.6
,,,,130,16000,,SEGURIDAD SOCIAL FUNCIONARIOS POLICIA,648502.62,,-133000.0,515502.62,483800.07
,,,,130,21200,,MANTENIMIENTO EDIFICIO POLICIA LOCAL,0.0,,1600.0,1600.0,581.44
,,,,130,21300,,MANTENIMIENTO CENTRALITA POLICIA Y OTRA MAQUINARIA,4360.0,,0.0,4360.0,4892.03
,,,,130,21400,,MTO. VEHICULOS POLICIA,22000.0,,-3625.0,18375.0,11914.23
,,,,130,22000,,MATERIAL OFICINA POLICIA,750.0,,0.0,750.0,0.0
,,,,130,22100,,ENERGIA ELECTRICA EDIFICIOS POLICIA Y PROT.CIVIL,26904.0,,0.0,26904.0,16780.25
,,,,130,22103,,COMBUSTIBLE VEHICULOS POLICIA LOCAL,19618.3,,0.0,19618.3,14672.26
,,,,130,22104,,VESTUARIO POLICIA,12000.0,,0.0,12000.0,8444.06
,,,,130,22111,,MATERIAL TECNICO Y OTROS POLICIA LOCAL,14000.0,,0.0,14000.0,6881.04
,,,,130,22500,,TASAS ESTATALES POLICIA LOCAL,0.0,,0.0,0.0,128.74
,,,,130,22601,,ATENCIONES PROTOCOLARIAS POLICIA LOCAL,200.0,,1210.0,1410.0,1317.86
,,,,130,22606,,CURSOS Y FORMACION POLICIA LOCAL,0.0,,0.0,0.0,0.0
,,,,130,22699,,GASTOS VARIOS SEGURIDAD VIAL (RADAR),1.0,,0.0,1.0,0.0
,,,,130,22700,,LIMPIEZA EDIFICIOS POLICIA,33731.17,,0.0,33731.17,32845.64
,,,,130,22706,,"TEST DROGAS CONDUCCION, LABORATORIO",3750.0,,0.0,3750.0,1609.3
,,,,130,62901,,"MESIOS MATERIALES INVERSIONES POLICIA, SUBVENCIONADAS",0.0,,10767.0,10767.0,9424.75
,,,,130,62910,,SISTEMA VIDEOVIGILANCIA,0.0,,4800.0,4800.0,0.0
,,,,133,20000,,ARRENDAMIENTO TERRENOS PARA PARKING PUBL.,23000.0,,1258.59,24258.59,9205.35
,,,,133,21200,,MANTENIMIENTO PARKING MUNICIPAL,1000.0,,0.0,1000.0,833.59
,,,,133,21300,,"ORDENACION DEL TRAFICO, SEÑALIZACION",45000.0,,20485.52,65485.52,51638.46
,,,,133,21301,,MANTENIMIENTO SEMAFOROS,8500.0,,0.0,8500.0,1294.93
,,,,133,21600,,APP DE SANCIONES-MULTAS INTEGRADA,726.0,,0.0,726.0,0.0
,,,,133,22701,,RETIRADA VEHICULOS DE LA VIA PUBLICA,42350.0,,3625.0,45975.0,26799.32
,,,,133,22702,,CTO. GESTION PARKING MUNICIPAL,70000.0,,21000.0,91000.0,51642.8
,,,,133,60990,,ADECUACION ZONAS PARKINGS DISUASORIOS,0.0,,55000.0,55000.0,0.0
,,,,133,62600,,MEJORA BARRERAS ACCESO Y SOFTWARE PARKING,6050.0,,0.0,6050.0,0.0
,,,,133,62900,,BALIZAS SOLARES Y OTRAS SEÑALIZACIONES,6000.0,,39000.0,45000.0,0.0
,,,,133,62901,,"MEJORA SEGURIDAD VIAL, SEMAFOROS AVD. ANTONIO FUERTES",30000.0,,0.0,30000.0,0.0
,,,,134,22300,,SERVICIO AUTOBUS ALUMNOS C.E. VIAL,2000.0,,0.0,2000.0,587.68
,,,,134,22698,,JORNADA DE LA  ACCESIBILIDAD PsPs Nº 5,5000.0,,0.0,5000.0,0.0
,,,,134,22699,,GASTOS DIV. C.E. VIAL Y CONCURSO EDUC. VIAL,1000.0,,0.0,1000.0,0.0
,,,,135,21300,,MATERIAL TECNICO PROTEC. CIVL,1500.0,,0.0,1500.0,106.0
,,,,135,21400,,MTO. VEHICULOS PROT. CIVIL,2000.0,,3000.0,5000.0,4402.23
,,,,135,22103,,COMBUSTIBLE VEHICULOS PROT. CIVIL,3022.52,,2300.0,5322.52,1783.2
,,,,135,22104,,VESTUARIO PROTEC. CIVIL,2400.0,,1079.9,3479.9,1902.43
,,,,135,22105,,CATERING VOLUNTARIOS PROTECC. CIVIL,4000.0,,0.0,4000.0,9231.42
,,,,135,22601,,ATENCIONES PROTOCOLARIAS PROT. CIVIL,0.0,,500.0,500.0,0.0
,,,,135,22606,,CURSOS Y FORMACION PROTEC. CIVIL,1000.0,,0.0,1000.0,0.0
,,,,135,22699,,PLANES ACTUACION PROTECCION CIVIL,4900.0,,-220.0,4680.0,78.0
,,,,135,62410,,ADQUISICION VEHICULO PROTECCION CIVIL,0.0,,34600.0,34600.0,28000.0
,,,,135,62500,,MOBILIARIO SALAS PROTECCIÓN CIVIL,0.0,,220.0,220.0,0.0
,,,,150,12000,,RETRIBUCIONES BASICAS URBANISMO-A1,63618.86,,0.0,63618.86,77586.65
,,,,150,12001,,RETRIBUCIONES BASICAS URBANISMO-A2,125629.74,,0.0,125629.74,150319.24
,,,,150,12003,,RETRIBUCIONES BASICAS URBANISMO-C1,70505.94,,0.0,70505.94,85611.68
,,,,150,12004,,RETRIBUCIONES URBANISMO-C2,30073.32,,0.0,30073.32,10542.12
,,,,150,12100,,COMPLEMENTO DESTINO URBANISMO,177756.04,,0.0,177756.04,152305.87
,,,,150,12101,,COMPLEMENTO ESPECIFICO URBANISMO,244068.86,,-8247.07,235821.79,188892.14
,,,,150,14300,,PERSONAL FUNCIONARIO INTERINO URBANISMO,87079.14,,0.0,87079.14,59535.57
,,,,150,15000,,PRODUCTIVIDAD FUNCIONARIOS URBANISMO,30758.1,,0.0,30758.1,26352.43
,,,,150,15100,,GRATIFICACIONES PERSONAL DE URBANISMO,0.0,,0.0,0.0,7049.26
,,,,150,16000,,SEGURIDAD SOCIAL FUNCIONARIOS URBANISMO,217475.5,,0.0,217475.5,177852.85
,,,,150,16001,,SEGURIDAD SOCIAL PERSONAL LABORAL URBANISMO,0.0,,0.0,0.0,17992.18
,,,,1510,21000,,"MTO. CONSERV. ESP. PUBL., INFRAESTR. Y ACCESIBILID",40000.0,,146.0,40146.0,20386.5
,,,,1510,21200,,CUOTA MTO. EDIFICIOS Y OTR. INSTALACIONES,1800.0,,5400.0,7200.0,1935.68
,,,,1510,21300,,MTO. MAQUINARIA URBANISMO,500.0,,0.0,500.0,1106.34
,,,,1510,21400,,MANTENIMIENTO VEHICULOS OFICINA TECNICA,1000.0,,0.0,1000.0,2149.41
,,,,1510,22000,,"CARTELERIA LICENC. OBRAS, PUBLICACIONES Y OTROS MAT. OFICINA",1900.0,,1000.0,2900.0,2004.67
,,,,1510,22103,,COMBUSTIBLE VEHICULOS URBANISMO,2704.85,,0.0,2704.85,2580.81
,,,,1510,22111,,MATERIAL TECNICO Y ESPECIAL OFICINA TECNICA,1000.0,,0.0,1000.0,0.0
,,,,1510,22500,,TASAS TRAMITAC. EXPEDIENTES Y OTR. URBANISMO,500.0,,0.0,500.0,58.03
,,,,1510,22601,,ATENCIONES PROTOCOLARIAS URBANISMO,250.0,,0.0,250.0,0.0
,,,,1510,22702,,TRABAJOS TECNICOS DE PROFESIONALES,18000.0,,1816.32,19816.32,1916.64
,,,,1510,22706,,"PROYECTOS, ESTUDIOS, TRAB. TEC. Y COMISION AGUA",50000.0,,111746.19,161746.19,79363.91
,,,,1510,24001,,"CARTELERIA, MUPIS, ROLL-UP Y OTROS",200.0,,0.0,200.0,217.22
,,,,1510,48000,,CONVENIO COLABORACIÓN ENTIDAD URBANÍSTICA,50000.0,,0.0,50000.0,50000.0
,,,,1510,60000,,OBRAS DE EJECUCION SUBSIDIARIA,1.0,,31000.0,31001.0,30906.83
,,,,1510,60901,,EJECUCION INVERSIONES - CONDADO ALHAMA,0.0,,905514.9,905514.9,8059.91
,,,,1510,60908,,POS 22-23- REMODELACION PLAZA DE LA CONSTITUCION,0.0,,822728.0,822728.0,0.0
,,,,1510,60909,,REMODELACION PARQUE LA CUBANA Y NUEVO BALNEARIO,0.0,,3206498.9,3206498.9,214470.57
,,,,1510,61103,,INFRAESTRUCTURAS SOTERRADAS DE SERVICIOS,0.0,,1597.42,1597.42,0.0
,,,,1510,61910,,RENOVACION CALLE CERVANTES Y OTRA,0.0,,300000.0,300000.0,240918.84
,,,,1510,61911,,INVERSIONES PMS,0.0,,30232.8,30232.8,0.0
,,,,1510,62400,,VEHICULOS ELECTRICOS PARA USO MUNICIPAL,55000.0,,0.0,55000.0,0.0
,,,,1510,62900,,INVERSIONES Y MATERIAL TECNICO URBANISMO,2000.0,,0.0,2000.0,0.0
,,,,1510,78000,,NEXT GENERATION REHABILITACIÓN VIVIENDAS,0.0,,264114.94,264114.94,0.0
,,,,1511,22111,,SUMINISTRO MATERIALES CALIDAD URBANA,0.0,,1400.0,1400.0,0.0
,,,,1511,22699,,GASTOS DIVERSOS CALIDAD URBANA,4000.0,,0.0,4000.0,5107.99
,,,,1511,48000,,CONCURSO MURAL/GRAFITI,3300.0,,3000.0,6300.0,3200.0
,,,,1532,12003,,RETRIBUCIONES BASICAS BRIGADAS- C1,11702.26,,0.0,11702.26,2981.98
,,,,1532,12004,,RETRIBUCIONES BASICAS BRIGADAS- C2,144558.4,,-50000.0,94558.4,79906.95
,,,,1532,12005,,RETRIBUCIONES BASICAS BRIGADAS- E,91175.28,,-1000.0,90175.28,34851.06
,,,,1532,12100,,COMPLEMENTO DESTINO BRIGADAS,127301.16,,-40000.0,87301.16,42339.52
,,,,1532,12101,,COMPLEMENTO ESPECIFICO BRIGADAS,213060.68,,-50000.0,163060.68,77133.95
,,,,1532,13100,,PERSONAL LABORAL TEMPORAL BRIGADAS,19304.32,,0.0,19304.32,0.0
,,,,1532,14300,,RETRIBUCIONES FUNCIONARIOS INTERINOS BRIGADAS,101100.8,,0.0,101100.8,308061.85
,,,,1532,15000,,PRODUCTIVIDAD FUNCIONARIOS BRIGADAS,25833.7,,0.0,25833.7,93728.08
,,,,1532,15001,,PRODUCTIVIDAD LABORALES BRIGADAS,1447.82,,0.0,1447.82,0.0
,,,,1532,15003,,RETEN BRIGADAS,78407.54,,-11000.0,67407.54,0.0
,,,,1532,15100,,GRATIFICACIONES PERSONAL BRIGADAS,0.0,,0.0,0.0,511.36
,,,,1532,16000,,SEGURIDAD SOCIAL FUNCIONARIOS BRIGADAS,222141.33,,0.0,222141.33,86095.26
,,,,1532,16001,,SEGURIDAD SOCIAL PERS. LABORAL BRIGADAS,7297.04,,0.0,7297.04,119627.17
,,,,1532,20400,,ARRENDAMIENTO VEHICULOS Y OTROS MAT. DE TRANSPORTE,34976.59,,1792.86,36769.45,22785.77
,,,,1532,21000,,MANTENIMIENTO DE VIAS PUBLICAS,25000.0,,21000.0,46000.0,30213.36
,,,,1532,21002,,"CONSERV. Y MTO. CTRAS. N-340, RM-515 Y RM-608",8000.0,,-600.0,7400.0,0.0
,,,,1532,21005,,MATERIALES Y OTR. CONSEJOS COMARCALES 2022/2023,4000.0,,0.0,4000.0,1822.03
,,,,1532,21300,,MANTENIMIENTO MAQUINARIA Y UTILLAJE BRIGADAS,4500.0,,1000.0,5500.0,14875.4
,,,,1532,21400,,MANTENIMIENTO VEHICULOS BRIGADAS,32000.0,,870.3,32870.3,19297.04
,,,,1532,21600,,PROGRAMA INFORMATICO GESTION BRIGADAS,4065.6,,677.6,4743.2,3373.94
,,,,1532,22103,,COMBUSTIBLE VEHICULOS BRIGADAS,29709.33,,0.0,29709.33,28005.5
,,,,1532,22104,,VESTUARIO PERSONAL BRIGADAS,33000.0,,0.0,33000.0,11302.4
,,,,1532,22199,,MATERIALES Y SUMINISTROS BRIGADAS,6000.0,,106.6,6106.6,8067.07
,,,,1532,22700,,LIMPIEZA EDIFICIOS BRIGADAS,20711.53,,0.0,20711.53,29519.16
,,,,1532,22799,,LIMPIEZA Y DESBROCE EN SOLARES,5000.0,,4174.5,9174.5,4174.5
,,,,1532,62500,,"MAQUINARIA, HERRAMIENTAS Y UTILLAJE BRIGADAS",6000.0,,600.0,6600.0,6524.05
,,,,160,22500,,CANON CONTROL VERTIDO C.H.S.,3000.0,,1700.0,4700.0,2228.06
,,,,160,22501,,CANON SANEAMIENTO- ESAMUR,16000.0,,10000.0,26000.0,25576.15
,,,,160,60900,,PLAN ASFALTADO,0.0,,5275.6,5275.6,5275.6
,,,,160,60910,,EVACUACIÓN PLUVIALES IES VALLE DE LEIVA,0.0,,18883.9,18883.9,18883.9
,,,,160,60990,,EVACUACION DE PLUVIALES EN EL BERRO,0.0,,135000.0,135000.0,0.0
,,,,161,22706,,ESTUDIOS Y TRABAJOS TECNICOS CICLO URBANO DEL AGUA,0.0,,20279.0,20279.0,8349.0
,,,,1621,22799,,RECOGIDA RESIDUOS SOLIDOS URBANOS,1535692.13,,225000.0,1760692.13,1712978.75
,,,,1621,63200,,ACONDICIONAMIENTO NAVE CALLE ESTACION SERV. R.R.S.U.,0.0,,294956.55,294956.55,4537.5
,,,,1621,63390,,REPOSICION DE CONTENEDORES,0.0,,20000.0,20000.0,0.0
,,,,1622,22500,,"IMPUESTO SOBRE GESTION DE RESIDUOS S.U., ENSERES Y VOLUMINOSOS",0.0,,0.0,0.0,4857.97
,,,,1622,22699,,ELIMINAC. LIMPIEZA Y REGENERAC. VERTEDEROS,6000.0,,0.0,6000.0,133.1
,,,,1622,22701,,GESTION  Y ELIMINACION DE R.S.U.,421848.63,,199500.0,621348.63,604277.22
,,,,1622,22702,,GESTION RESIDUOS SELECTIVOS Y ECOPARQUE-S.G.R.,32000.0,,61500.0,93500.0,96334.95
,,,,1622,22703,,RECOGIDA SELECTIVA RESIDUOS BIOSANITARIOS AGRICULT,600.0,,0.0,600.0,0.0
,,,,1622,22799,,GESTION RESIDUOS VEGETALES EN FINCAS AMBIENTALES,10000.0,,0.0,10000.0,0.0
,,,,163,22700,,SERVICIO LIMPIEZA VIARIA,901030.29,,160000.0,1061030.29,1027758.99
,,,,165,20300,,INSTALACIONES ELECTRICAS ACTOS EVENTUALES,130137.92,,0.0,130137.92,134503.1
,,,,165,21300,,MTO. ALUMBRADO GENERAL,75000.0,,-14985.85,60014.15,45243.26
,,,,165,21301,,REPOSICIONES ALUMBRADO PUBLICO,0.0,,9747.07,9747.07,7149.7
,,,,165,22100,,ENERGIA ELECTRICA ALUMBRADO PUBLICO,763057.0,,-89223.9,673833.1,582668.01
,,,,165,22501,,TASAS ALUMBRADO PUBLICO,10000.0,,0.0,10000.0,0.0
,,,,165,22699,,INSPECCIONES Y OTROS ELECTRIC.,1000.0,,0.0,1000.0,0.0
,,,,165,26100,,PROGR. INFORMAT. OPITIMIZACION FACTURA ENERGETICA,11000.0,,0.0,11000.0,0.0
,,,,165,61912,,REPOSICION ALUMBRADO PUBLICO POR VANDALISMO,0.0,,59107.05,59107.05,59107.05
,,,,170,12001,,RETRIB. BASICAS M.AMBIENTE Y P.JARDINES-A2,29985.32,,0.0,29985.32,18249.65
,,,,170,12003,,RETRIB. BASICAS M.AMBIENTE Y P.JARDINES-C1,16944.82,,0.0,16944.82,20154.54
,,,,170,12004,,RETRIB. BASICAS M.AMBIENTE Y P.JARDINES-C2,20922.84,,0.0,20922.84,26101.31
,,,,170,12005,,RETRIB. BASICAS M.AMBIENTE Y P.JARDINES-E,0.0,,0.0,0.0,0.0
,,,,170,12100,,COMPLEMENTO DESTINO M.AMBIENTE Y P.JARDINES,36944.74,,-15000.0,21944.74,25805.82
,,,,170,12101,,COMPL. ESPECIFICO M.AMBIENTE Y P.JARDINES,57471.68,,-40000.0,17471.68,37976.1
,,,,170,13000,,PERS. LABORAL FIJO M.AMBIENTE Y P.JARDINES,21845.91,,-20000.0,1845.91,0.0
,,,,170,14300,,RETRIBUC. FUNCIONARIOS INTERINOS P.yJ. MEDIO AMBIENTE,0.0,,0.0,0.0,21742.23
,,,,170,15000,,PRODUCTIVIDAD FUNCIONARIOS M.AMBIENTE Y P. y JARDINES,9620.75,,0.0,9620.75,12550.55
,,,,170,15001,,PRODUCTIVIDAD LABORALES M.AMBIENTE Y P. y JARDINES,819.22,,0.0,819.22,0.0
,,,,170,16000,,SEG. SOCIAL FUNCIONAR. M.AMBIENTE Y P.JARDINES,43844.86,,-25000.0,18844.86,37185.58
,,,,170,16001,,SEGURIDAD SOCIAL PERS. LABORAL M.AMBIENTE Y P.JARDINES,8050.22,,0.0,8050.22,7181.63
,,,,171,21000,,MANTENIMIENTO GENERAL PARQUES Y JARDINES,25500.0,,0.0,25500.0,27068.64
,,,,171,21001,,GESTION RESIDUOS VEGETALES PARQUES Y JARDINES,8000.0,,-8000.0,0.0,0.0
,,,,171,21002,,"TRABAJOS DIVERSOS PARA PARQUES , JAARDINES Y ZONAS VERDES",0.0,,0.0,0.0,199.65
,,,,171,21003,,MANTENIMIENTO VIVERO MUNICIPAL,5000.0,,0.0,5000.0,1758.93
,,,,171,21300,,MANTENIMIENTO JUEGOS INFANTILES PARQUES Y JARDINES,32000.0,,-24208.71,7791.29,6678.89
,,,,171,21301,,MANTENIMIENTO UTILLAJE Y MAQUINARIA PARQUES Y JARDINES,2500.0,,0.0,2500.0,346.06
,,,,171,21600,,APLICACION INFORMATICA MTO. RIEGO Y OTR. PARQUES Y JARDINES,1200.0,,0.0,1200.0,0.0
,,,,171,22105,,ALIMENTOS PAJARERA PARQUE LA CUBANA,300.0,,0.0,300.0,179.38
,,,,171,22699,,FUMIGACION Y PODAS EN PARQUES Y JARDINES,3500.0,,0.0,3500.0,0.0
,,,,171,22799,,"LIMPIEZA Y CONSERVACION PARQUES, JARDINES Y ZONAS VERDES",592000.0,,230000.0,822000.0,674468.11
,,,,171,60909,,JARDIN DE LLUVIA Y VERTICALES DRENAJE URBANO SOSTENIBLE,0.0,,17484.5,17484.5,17484.5
,,,,171,60910,,NUEVO RECINTO FERIAL,0.0,,125000.0,125000.0,58837.99
,,,,171,61990,,"INVERSION EN PARQUES, JARDINES Y ZONAS VERDES",0.0,,260000.0,260000.0,0.0
,,,,172,21000,,MANTENIMIENTO Y SEÑALIZACION DE SENDAS,2000.0,,0.0,2000.0,0.0
,,,,172,22100,,ENERGIA ELECTRICA EDIFICIOS MEDIO AMBIENTE,1500.0,,0.0,1500.0,259.59
,,,,172,22199,,SUMINISTROS DIVERSOS MEDIO AMBIENTE,300.0,,0.0,300.0,111.41
,,,,172,22400,,SEGUROS CONCEJALIA MEDIO AMBIENTE,600.0,,0.0,600.0,927.4
,,,,172,22601,,ATENCIONES PROTOCOLARIAS CONCEJALIA MEDIO AMBIENTE,250.0,,0.0,250.0,0.0
,,,,172,22609,,"SENDALHAMA, SENDERISMO INTERPRETATIVO MEDIO AMBIENTE",6310.0,,0.0,6310.0,4000.0
,,,,172,22702,,INFORMES Y VALORACIONES NECESARIAS MEDIO AMBIENTE,2500.0,,0.0,2500.0,0.0
,,,,172,22706,,ACTUACION EN PARCELAS MPALES. INTERES NATURAL,24300.3,,10000.0,34300.3,30247.74
,,,,172,22790,,SERVICIOS PROFESIONALES EFICIENCIA ENERGETICA,0.0,,20000.0,20000.0,0.0
,,,,172,22798,,CATALOGO DE ARBOLES Y ARBOLEDAS SINGULARES,500.0,,0.0,500.0,0.0
,,,,172,22799,,GASTOS DIVERSOS HUERTOS ECOLOGICOS FAMILIARES,3000.0,,0.0,3000.0,1871.0
,,,,172,24000,,EDICIONES Y DIVULGACION MEDIO AMBIENTAL,1040.6,,0.0,1040.6,1040.0
,,,,172,48000,,SUBVENCIONES ACTIVIDADES MEDIOAMBIENTALES,14000.0,,0.0,14000.0,3459.7
,,,,172,48001,,CONVENIO ASOC. MELES- ACCIONES MALVASIA,1500.0,,0.0,1500.0,0.0
,,,,172,48002,,CONVENIO ASOC. LA ALMAJARA- HUERTOS ECOLOGICOS,9000.0,,2000.0,11000.0,4500.0
,,,,172,48003,,CONVENIO ASOC. ACUDE- ACCION EN PARCELAS LA ALCANARA,1500.0,,0.0,1500.0,0.0
,,,,172,60900,,INSTALAC. SOLARES FOTOVOLTAICAS EN CENTROS EDUCATIVOS Y DEPORTIVOS,199108.55,,0.0,199108.55,0.0
,,,,221,10000,,ACCIDENTE Y COMPLEM. ACCIDENTE CORPORACION,100.0,,0.0,100.0,0.0
,,,,221,12000,,ACCIDENTE Y COMPLEM. ACCIDENTE A-1,100.0,,0.0,100.0,3497.75
,,,,221,12001,,ACCIDENTE Y COMPLEM. ACCIDENTE A-2,100.0,,85000.0,85100.0,81169.82
,,,,221,12002,,ACCIDENTE Y COMPLEM. ACCIDENTE B,100.0,,0.0,100.0,0.0
,,,,221,12003,,ACCIDENTE Y COMPLEM. ACCIDENTE C-1,100.0,,85000.0,85100.0,86124.63
,,,,221,12004,,ACCIDENTE Y COMPLEM. ACCIDENTE C-2,100.0,,0.0,100.0,31110.7
,,,,221,12005,,ACCIDENTE Y COMPLEM. ACCIDENTE E,100.0,,0.0,100.0,1666.0
,,,,221,12700,,PLAN DE PENSIONES,55780.92,,0.0,55780.92,59521.02
,,,,221,13000,,ACCIDENTE Y COMPLEM. LABORAL FIJO,100.0,,0.0,100.0,0.0
,,,,221,13100,,ACCIDENTE Y COMPLEM. LABORAL TEMPORAL,100.0,,0.0,100.0,1971.62
,,,,221,13102,,ACCIDENTE Y COMPLEM. LABORAL SEF CASTILLO,0.0,,0.0,0.0,2984.0
,,,,221,14300,,ACCIDENTE Y COMPLEM. FUNCIONARIO INTERINO,100.0,,0.0,100.0,116.94
,,,,221,14301,,ACCIDENTE Y COMPLEM. FUNCIONARIOS INTERINOS PROGRAMAS,0.0,,0.0,0.0,506.76
,,,,221,16009,,COMPLEMENTO I.T. FUNCIONARIOS INTEGRADOS,0.0,,0.0,0.0,52063.19
,,,,221,16200,,FORMACION Y PERFECCIONAMIENTO DEL PERSONAL,15025.0,,0.0,15025.0,5015.8
,,,,221,16204,,ACCION SOCIAL,20000.0,,3000.0,23000.0,32905.81
,,,,2310,12000,,RETRIB. BASICAS S.SOCIALES-A1,20987.52,,0.0,20987.52,22530.92
,,,,2310,12001,,RETRIB. BASICAS S.SOCIALES-A2,78351.77,,0.0,78351.77,74514.52
,,,,2310,12004,,RETRIB. BASICAS S.SOCIALES-C2,35427.68,,0.0,35427.68,40854.09
,,,,2310,12005,,RETRIBUC. BASICAS S. SOCIALES-E,0.0,,0.0,0.0,245.51
,,,,2310,12100,,COMPLEMENTO DESTINO S.SOCIALES,77639.52,,0.0,77639.52,62491.34
,,,,2310,12101,,COMPLEMENTO ESPECIFICO S.SOCIALES,91209.93,,0.0,91209.93,66663.17
,,,,2310,13000,,RETRIBUCIONES PERSONAL LABORAL FIJO SERVICIOS SOCIALES,0.0,,0.0,0.0,62575.2
,,,,2310,13100,,PERSONAL LABORAL TEMPORAL S.SOCIALES,208341.57,,0.0,208341.57,156576.05
,,,,2310,13103,,RETRIBUCIONES ATENCION INFANCIA LOPIVI 23,0.0,,15000.0,15000.0,0.0
,,,,2310,14300,,OTRO PERSONAL FUNCIONARIO INTERINO,127832.47,,-10210.67,117621.8,64597.81
,,,,2310,14301,,"ALBURA- RETRIB. PROY. INCLUSION SOCIAL- ""MRR NEXT GEN UE""",0.0,,59178.02,59178.02,61931.19
,,,,2310,15000,,PRODUCTIVIDAD FUNCIONARIOS S.SOCIALES,16179.33,,0.0,16179.33,13922.74
,,,,2310,15001,,PRODUCTIVIDAD LABORALES S.SOCIALES,6033.95,,0.0,6033.95,7380.31
,,,,2310,16000,,SEGURIDAD SOCIAL FUNCIONARIOS S.SOCIALES,122738.27,,0.0,122738.27,75633.27
,,,,2310,16001,,SEGURIDAD SOCIALE PER. LABORAL SERVICIOS SOCIALES,67919.36,,0.0,67919.36,95445.63
,,,,2310,16002,,"ALBURA- SEGU. SOCIAL PROY. INCLUSION SOCIAL- ""MRR NEXT GEN UE""",0.0,,18353.98,18353.98,19356.4
,,,,2310,16003,,SEGURIDAD SOCIAL ATENCION INFANCIA LOPIVI 23,0.0,,5245.4,5245.4,0.0
,,,,2310,21200,,MTO. CENTROS SERVICIOS SOCIALES,800.0,,0.0,800.0,4010.45
,,,,2310,21300,,MANTENIMIENTO GRUAS Y CAMAS ARTICULADAS,1640.0,,0.0,1640.0,0.0
,,,,2310,21400,,MANTENIMIENTO VEHICULOS SERVICIOS SOCIALES,0.0,,0.0,0.0,123.98
,,,,2310,22000,,MATERIAL OFICINA SERVICIOS SOCIALES,1050.0,,0.0,1050.0,750.7
,,,,2310,22100,,ENERGIA ELECTRICA EDIFICIOS S.SOCIALES,43464.0,,0.0,43464.0,28428.78
,,,,2310,22103,,COMBUSTIBLE CALEFACCIÓN CENTRO SERVICIOS SOCIALES,3600.0,,1000.0,4600.0,794.9
,,,,2310,22105,,"PROD. ALIMENTICIOS, ENVASES, COMIDA Y AGUA",5900.0,,1430.22,7330.22,6859.02
,,,,2310,22600,,"ALBURA- GASTOS DE PROTOCOLO PROY. INCLUSION SOCIAL- ""MRR NEXT GEN UE""",0.0,,600.0,600.0,591.46
,,,,2310,22601,,ATENCIONES PROTOCOLARIAS CONCEJALIA SERV. SOC.,0.0,,235.0,235.0,174.24
,,,,2310,22605,,OTROS GASTOS DIVERSOS SERVICIOS SOCIALES,0.0,,0.0,0.0,387.2
,,,,2310,22606,,"TALLERES TRABAJO GRUPAL ""PAIN""",900.0,,0.0,900.0,0.0
,,,,2310,22609,,TALLERES PREVENCION ABSENTISMO ESCOLAR,900.0,,0.0,900.0,0.0
,,,,2310,22696,,FORMACION Y CURSOS PERSONAL SERVICIOS SOCIALES,500.0,,-235.0,265.0,0.0
,,,,2310,22698,,ACTIVIDADES DE VOLUNTARIADO,2000.0,,0.0,2000.0,2177.95
,,,,2310,22699,,"ALOJAM. TEMPORAL, DECESOS Y OTR. GASTOS",500.0,,0.0,500.0,0.0
,,,,2310,22700,,LIMPIEZA EDIFICIOS S.SOCIALES,37124.65,,0.0,37124.65,35744.54
,,,,2310,22790,,CONTRATO SERVICIO VOLUNTARIADO,36625.0,,0.0,36625.0,36624.96
,,,,2310,22791,,"TRADUCCION, MEDIACION, ASESORAMIENTO INTERCULTURAL",39000.0,,-8000.0,31000.0,24048.0
,,,,2310,22792,,CTO. SERVICIO AYUDA A DOMICILIO (S.A.D.),42400.0,,-13000.0,29400.0,10993.18
,,,,2310,22793,,CTO. TELEASISTENCIA,29000.0,,0.0,29000.0,27968.38
,,,,2310,22794,,CTO. SERV. AYUDA A DOMICILIO DEPENDENC. (SAAD),429000.0,,-45546.64,383453.36,358301.98
,,,,2310,22796,,"ALBURA- GASTOS DIVERSOS PROY. INCLUSION SOCIAL- ""MRR NEXT GEN UE""",0.0,,28374.94,28374.94,16879.31
,,,,2310,22797,,REFUERZO TEMPORAL  PROGR. TRABAJO SOCIAL DE ZONA,39000.0,,9225.0,48225.0,36980.19
,,,,2310,22798,,"SERV. INTERVENCION CON FAMILIAS, MENORES Y APOYO PARENTALIDAD POSITIVA",39000.0,,13702.97,52702.97,34427.1
,,,,2310,22799,,"IMPARTICION DE ""ITINERARIOS"" INFORMACION Y ORIENT",47042.03,,0.0,47042.03,33673.06
,,,,2310,45390,,"PATROCINIO AYUDAS MATRICULAS UMU, COLECTIVOS VULNERABLES",2000.0,,-2000.0,0.0,0.0
,,,,2310,48002,,CONVENIO CARITAS PALIAR POBREZA,8000.0,,0.0,8000.0,8000.0
,,,,2310,48003,,PRESTACION APOYO FAMILIAR REINSERCION SOCIAL,70000.0,,-1000.0,69000.0,47559.4
,,,,2310,48004,,PRESTACIONES A FAMILIAS CON MENORES,15000.0,,-1000.0,14000.0,6248.32
,,,,2310,48006,,SUBVENCIONES ASOCIACIONES Y ONG`S,20000.0,,8000.0,28000.0,27922.45
,,,,2310,48007,,SUBVENCIÓN CRUZ ROJA AYUDAS URGENTE NECESIDAD,50000.0,,0.0,50000.0,50000.0
,,,,2310,48009,,CONVENIO ASOC. PRO AYUDA ALIMENTARIA,12000.0,,0.0,12000.0,12000.0
,,,,2310,62500,,EQUIPAMIENTO CENTRO DE SERVICIOS SOCIALES,22000.0,,1097.6,23097.6,17960.69
,,,,2310,62900,,"ALBURA- EQUIPAMIENTO PROY. INCLUSION SOCIAL- ""MRR NEXT GEN UE""",0.0,,365.09,365.09,0.0
,,,,2310,63300,,"AMPLIACION INSTALACIONES, MAQUINARIA .. CENTRO SERVICIOS SOCIALES",0.0,,5546.64,5546.64,5546.64
,,,,2311,13100,,PERSONAL LABORAL TEMPORAL C.ATENCION TEMPRANA,43189.68,,0.0,43189.68,50697.09
,,,,2311,15001,,PRODUCTIVIDAD LABORALES C.ATENCION TEMPRANA,1172.74,,0.0,1172.74,1525.51
,,,,2311,16001,,SEG. SOCIAL PERSONAL LABORAL C.ATENCION TEMPRANA,14079.84,,0.0,14079.84,15089.69
,,,,2311,22699,,GTOS. DIVERSOS CENTRO ATENCION TEMPRANA,1500.0,,0.0,1500.0,23.91
,,,,2311,22700,,LIMPIEZA EDIFICIO C.A.T,10180.43,,0.0,10180.43,9812.94
,,,,2311,22799,,SERVICIOS PROFESIONALES Y REFUERZOS  C.A.T.,75739.65,,-40000.0,35739.65,11912.0
,,,,2311,62500,,INVERSIONES EN C.A.T.,1500.0,,0.0,1500.0,0.0
,,,,2312,21200,,MANTENIMIENTO EDIFICIO C.E.D. LAS SALINAS,0.0,,0.0,0.0,150.37
,,,,2312,21300,,"MTO. MAQUINARIA C.E.D. ""LAS SALINAS""",300.0,,0.0,300.0,663.94
,,,,2312,22000,,"MATERIAL FUNGIBLE C.E.D. ""LAS SALINAS""",600.0,,0.0,600.0,489.15
,,,,2312,22601,,"OBSEQUIOS USUARIOS C.E.D. ""LAS SALINAS""",1400.0,,-410.0,990.0,990.0
,,,,2312,22700,,LIMPIEZA EDIFICIO C.E.D. SALINAS,22905.98,,0.0,22905.98,21773.71
,,,,2312,22795,,"CTO. SERV. CATERING C.E.D. ""LAS SALINAS""",31746.0,,1728.38,33474.38,29287.5
,,,,2312,22799,,"CTO. SERVICIO GESTION C.E.D. ""LAS SALINAS""",313419.47,,0.0,313419.47,313419.48
,,,,2312,62505,,"EQUIPAMIENTO C.E.D. ""LAS SALINAS""",1500.0,,410.0,1910.0,1887.03
,,,,2312,63200,,REFORMA CED LAS SALINAS,0.0,,350000.0,350000.0,0.0
,,,,2313,21200,,MTO. EDIFICIO C.E.D MAYORES,400.0,,0.0,400.0,206.28
,,,,2313,21300,,MTO. MAQUINARIA C.E.D. MAYORES,300.0,,0.0,300.0,147.62
,,,,2313,22000,,MATERIAL FUNGIBLE C.E.D. MAYORES,600.0,,0.0,600.0,0.0
,,,,2313,22103,,COMBUSTIBLE CALEFACCION C.E.D. MAYORES,5921.0,,0.0,5921.0,567.28
,,,,2313,22601,,OBSEQUIOS USUARIOS C.E.D. MAYORES,1000.0,,370.26,1370.26,1184.26
,,,,2313,22700,,LIMPIEZA EDIFICIO C.E.D. MAYORES,33934.78,,0.0,33934.78,32123.56
,,,,2313,22799,,GESTION Y MANUNTENCION C.E.D. DE MAYORES,267500.14,,0.0,267500.14,241481.64
,,,,2313,62500,,EQUIPAMIENTO C.E.D DE MAYORES,1500.0,,0.0,1500.0,1488.3
,,,,2314,20900,,SGAE CONCEJALIA DE MAYORES,0.0,,0.0,0.0,152.46
,,,,2314,21200,,MANTENIMIENTO CENTRO DE MAYORES,1000.0,,0.0,1000.0,894.48
,,,,2314,22000,,MATERIAL OFICINA CENTRO DE MAYORES,400.0,,0.0,400.0,0.0
,,,,2314,22001,,PRENSA Y REVISTA CENTRO MAYORES,900.0,,0.0,900.0,1652.91
,,,,2314,22105,,GASTRONOMIA CENTRO DE MAYORES,8000.0,,1478.0,9478.0,10359.22
,,,,2314,22601,,TROFEOS Y OBSEQUIOS CENTRO DE MAYORES,900.0,,0.0,900.0,762.3
,,,,2314,22606,,TALLER ESTIMULACION COGNITIVA PsPs Nº 7,1200.0,,0.0,1200.0,0.0
,,,,2314,22698,,ACTUACIONES Y ACTIVIDADES CENTRO DE MAYORES,5000.0,,6493.0,11493.0,5747.3
,,,,2314,22699,,GTOS. DIVERSOS CENTRO MAYORES,500.0,,0.0,500.0,513.48
,,,,2314,22700,,LIMPIEZA EDIFICIO PERSONAS MAYORES,33934.78,,0.0,33934.78,30134.95
,,,,2314,22701,,ORGANIZ. CENTRO MAYORES - CONSERJE,15000.0,,0.0,15000.0,12100.0
,,,,2314,22799,,TALLERES CONCEJALIA MAYORES,10000.0,,0.0,10000.0,13967.03
,,,,2314,24000,,"EDICION DE FOLLETOS, CARTELES Y OTROS MAYORES",181.5,,0.0,181.5,399.3
,,,,2314,48000,,PREMIOS CONCURSOS CENTRO DE MAYORES,600.0,,-380.0,220.0,220.0
,,,,2314,62500,,EQUIPAMIENTO CENTRO DE MAYORES,1000.0,,15500.0,16500.0,12803.35
,,,,2315,21200,,MANTENIMIENTO CENTRO ATT. PSICOSOCIAL,100.0,,0.0,100.0,60.67
,,,,2315,22606,,TALLERES OCUPAC. CENTRO ATT. PSICOSOCIAL,1200.0,,0.0,1200.0,1200.0
,,,,2315,22699,,GASTOS DIVERSOS CENTRO ATT. PSICOSOCIAL,400.0,,0.0,400.0,0.0
,,,,2315,22799,,CTO. SERV. CENTRO ATENCION PSICOSOCIAL,121618.9,,0.0,121618.9,121613.88
,,,,2315,62500,,EQUIPAMIENTO CENTRO ATENCION PSICOSOCIAL,1500.0,,946.94,2446.94,2380.79
,,,,2316,15000,,VIOGEN 23/24 Servicios extraordinarios Servicio Orientación,0.0,,800.0,800.0,237.94
,,,,2316,22688,,Plan Corresponsables 23/24 Formación,0.0,,4500.0,4500.0,3760.0
,,,,2316,22690,,VIOGEN 23/24 Gastos Diversos,0.0,,2639.83,2639.83,0.0
,,,,2316,22790,,VIOGEN 23/24 Punto violeta y otros servicios,0.0,,18200.0,18200.0,1370.0
,,,,2411,12001,,RETRIB. BASICAS EMPLEO-A2,58039.74,,0.0,58039.74,56048.83
,,,,2411,12004,,RETRIB. BASICAS EMPLEO-C2,11772.36,,0.0,11772.36,14264.11
,,,,2411,12100,,COMPLEMENTO DESTINO EMPLEO,40486.32,,0.0,40486.32,29354.12
,,,,2411,12101,,COMPL. ESPECIFICO EMPLEO,47456.22,,0.0,47456.22,31015.37
,,,,2411,13100,,CONSEJOS COMARCALES 2022-2023- RETRIBUCIONES,0.0,,95337.24,95337.24,94798.99
,,,,2411,13103,,CONSEJOS COMARCALES 23/24 RETRIBUCIONES,0.0,,173376.0,173376.0,62776.56
,,,,2411,13110,,GARANTÍA JUVENIL 2023 RETRIBUCIONES,0.0,,170933.03,170933.03,0.0
,,,,2411,14300,,RETRIB. FUNCIONARIOS INTERINOS EMPLEO,19304.32,,0.0,19304.32,19054.38
,,,,2411,15000,,PRODUCTIVIDAD FUNCIONARIOS EMPLEO,6639.71,,0.0,6639.71,11039.45
,,,,2411,16000,,SEGURIDAD SOCIAL FUNCIONARIOS EMPLEO,48884.64,,0.0,48884.64,15352.36
,,,,2411,16001,,SEGURIDAD SOCIAL PERSONAL LABORAL EMPLEO,0.0,,0.0,0.0,6304.72
,,,,2411,16002,,CONSEJOS COMARCALES 2022-2023- SEGURIDAD SOCIAL,0.0,,32785.8,32785.8,31681.13
,,,,2411,16003,,CONSEJOS COMARCALES 23/24 SEGURIDAD SOCIAL,0.0,,57647.52,57647.52,20633.01
,,,,2411,16005,,INDEMNIZACIONES CONSEJOS COMARCALES 2023-2024,0.0,,5102.04,5102.04,0.0
,,,,2411,16010,,GARANTÍA JUVENIL 2023 SEGURIDAD SOCIAL,0.0,,36847.44,36847.44,0.0
,,,,2411,21005,,MATERIALES CONSEJOS COMARCALES S.E.P.E. 2023/2024,0.0,,8108.63,8108.63,22.6
,,,,2411,22000,,MATERIAL DE OFICINA EMPLEO,950.0,,0.0,950.0,0.0
,,,,2411,22100,,ENERGIA ELECTRICA EDIFICIOS EMPLEO,5904.0,,0.0,5904.0,3877.56
,,,,2411,22601,,ATENCIONES PROTOCOLARIAS CONCEJALIA EMPLEO,150.0,,0.0,150.0,0.0
,,,,2411,22606,,ACCIONES FORMATIVAS COLABOR. CON S.E.F.,3000.0,,0.0,3000.0,1813.16
,,,,2411,22609,,GASTOS DIVERSOS AGUAS MINEROM. Y BALNEARIO,900.0,,0.0,900.0,0.0
,,,,2411,22699,,GTOS. CORRIENTES EMPLEO,900.0,,0.0,900.0,6.63
,,,,2411,22700,,LIMPIEZA EDIFICIOS EMPLEO,16543.21,,0.0,16543.21,15548.62
,,,,2411,22799,,GASTOS FUNCIONAMIENTO GARANTIA JUV 23,0.0,,32889.6,32889.6,0.0
,,,,2411,48001,,"CUOTA PARTICIPACION ""ASOC. INTEGRAL""",12285.66,,0.0,12285.66,12285.66
,,,,2411,62500,,EQUIPAMIENTO EMPLEO,1000.0,,0.0,1000.0,736.89
,,,,2412,12000,,RETRIBUCIONES BASICAS IGUALDAD- A1,17049.72,,0.0,17049.72,0.0
,,,,2412,12100,,COMPLEMENTO DESTINO IGUALDAD,8291.78,,0.0,8291.78,0.0
,,,,2412,12101,,COMPLEMENTO ESPECIFICO IGUALDAD,11286.52,,0.0,11286.52,0.0
,,,,2412,13000,,Retrib personal laboral fijo empleo,0.0,,0.0,0.0,19226.17
,,,,2412,13100,,PERSONAL LABORAL TEMPORAL IGUALDAD,38754.16,,0.0,38754.16,19700.0
,,,,2412,13101,,PERSONAL LAB. TEMP. CAVI-SUBVENCIONADO,0.0,,0.0,0.0,108557.43
,,,,2412,14300,,FUNCIONARIOS INTERINOS CAVI,67765.2,,0.0,67765.2,0.0
,,,,2412,15000,,PRODUCTIVIDAD FUNCIONARIOS IGUALDAD,3914.75,,0.0,3914.75,0.0
,,,,2412,15001,,PRODUCTIVIDAD LABORALES IGUALDAD,1022.44,,0.0,1022.44,3058.38
,,,,2412,15100,,GRATIFICACIONES PERSONAL IGUALDAD,0.0,,0.0,0.0,329.35
,,,,2412,16000,,SEGURIDAD SOCIAL FUNCIONARIOS IGUALDAD,32727.27,,0.0,32727.27,0.0
,,,,2412,16001,,SEG. SOCIAL PERSONAL LABORAL IGUALDAD,12633.86,,0.0,12633.86,12950.63
,,,,2412,16003,,SEG. SOCIAL LAB. TEMP. CAVI-SUBVENCIONADO,0.0,,0.0,0.0,35053.51
,,,,2412,21200,,MANTENIMIENTO EDIFICIO VIVERO DE EMPRESAS,300.0,,0.0,300.0,22.08
,,,,2412,22000,,MATERIAL DE OFICINA IGUALDAD,400.0,,0.0,400.0,399.88
,,,,2412,22100,,ENERGIA ELECTRICA EDIFICIOS IGUALDAD,9396.0,,0.0,9396.0,6923.78
,,,,2412,22601,,OBSEQUIOS Y OTROS CONCEJALIA IGUALDAD,1000.0,,0.0,1000.0,565.59
,,,,2412,22602,,PUBLICIDAD Y PROPAGANDA CONCEJ. IGUALDAD,300.0,,0.0,300.0,0.0
,,,,2412,22606,,CURSOS DE FORMACION IGUALDAD,4081.05,,-60.0,4021.05,2365.0
,,,,2412,22694,,PACTO DE ESTADO CONTRA VIOLENCIA DE GENERO 22-23,0.0,,11820.25,11820.25,11505.74
,,,,2412,22696,,"PROY. ""WALKIRIA"" MUEJERES EN SIT. VULNERABLE",2700.0,,0.0,2700.0,0.0
,,,,2412,22698,,DIAS INTERNAC. MUJER Y CONTRA VIOLENCIA DE GENERO,7500.0,,0.0,7500.0,3508.89
,,,,2412,22699,,GTOS. CORRIENTES IGUALDAD Y CAVI,500.0,,0.0,500.0,395.49
,,,,2412,22700,,LIMPIEZA EDIFICIO CAVI,16543.21,,0.0,16543.21,16210.07
,,,,2412,22706,,ELABORAC. Y PUESTA EN MARCHA PLAN IGUALDAD,3000.0,,0.0,3000.0,3793.35
,,,,2412,22799,,PLAN CORRESPONSABLES- PLANES FORMACION IGUALDAD,0.0,,4500.0,4500.0,4440.0
,,,,2412,24000,,EDICIONES Y PUBLICACIONES CONCEJ. IGUALDAD,500.0,,0.0,500.0,447.7
,,,,2412,48001,,PREMIOS DIA INTERNACIONAL DE LA MUJER,500.0,,60.0,560.0,300.0
,,,,2412,62500,,EQUIPAMIENTO VIVERO DE EMPRESAS IGUALDAD,1000.0,,0.0,1000.0,0.0
,,,,311,21300,,MANTENIMIENTO EQUIPOS DE SANIDAD,4500.0,,0.0,4500.0,6027.01
,,,,311,22609,,TALLERES Y CHARLAS DIVULGATIVAS SANIDAD,400.0,,0.0,400.0,0.0
,,,,311,22699,,CONSEJO MUNICIPAL SALUD - ACTIV. DIVULGATIVAS,1300.0,,0.0,1300.0,0.0
,,,,311,22700,,LIMPIEZA EDIFICIOS SANIDAD,0.0,,0.0,0.0,1070.56
,,,,311,22701,,"DESRATIZACION, DESINFECTACION Y DESINFECC. DDD",16625.4,,4000.0,20625.4,13854.5
,,,,311,22795,,CONTROL DE LA AVIFAUNA,1000.0,,0.0,1000.0,0.0
,,,,311,24000,,PUBLICIDAD Y EDICIONES SANIDAD,0.0,,1089.0,1089.0,302.5
,,,,311,45060,,CONVENIO CARM - TRANSPORTE ARRIXA,79431.0,,0.0,79431.0,79431.0
,,,,311,48000,,CONVENIO GESTIÓN AMBULANCIA CRUZ ROJA,50000.0,,0.0,50000.0,50000.0
,,,,311,61900,,REFORMAS CONSULTORIOS MEDICOS COSTERA-BERRO-CAÑARICO,90779.22,,0.0,90779.22,0.0
,,,,313,22602,,CAMPAÑAS INFORMATIVAS BIENESTAR ANIMAL,500.0,,0.0,500.0,0.0
,,,,313,22796,,RECOGIDA Y CONTROL ANIMALES VIA PUBLICA,119000.0,,0.0,119000.0,91432.93
,,,,313,22797,,"CAPTURA, ESTERILIZACION Y SUELTA DE GATOS",17044.06,,0.0,17044.06,7714.66
,,,,313,22798,,MTO. Y ACTUALIZAC. MICROCHIPS COLEGIO VETERINARIOS,900.0,,0.0,900.0,903.69
,,,,313,22799,,No Usar- MANT. Y ACTUALIZACION MICROCHIP COLEGIO VETERINARIOS,0.0,,0.0,0.0,0.0
,,,,313,48004,,CONVENIO ASOC. ENGATUSATE - BIENESTAR ANIMAL,1000.0,,0.0,1000.0,0.0
,,,,313,48005,,CONVENIO PELUDINES - BIENESTAR ANIMAL,1000.0,,0.0,1000.0,0.0
,,,,320,12004,,RETRIBUCIONES BASICAS EDUCACION-C2,35021.24,,15000.0,50021.24,50841.4
,,,,320,12005,,RETRIB. BASICAS EDUCACION-E,35679.84,,-4672.79,31007.05,43982.91
,,,,320,12100,,COMPLEMENTO DESTINO EDUCACION,34726.3,,0.0,34726.3,33388.61
,,,,320,12101,,COMPLEMENTO ESPECIFICO EDUCACION,68841.8,,0.0,68841.8,63283.32
,,,,320,15000,,PRODUCTIVIDAD FUNCIONARIOS EDUCACION,6436.09,,0.0,6436.09,6240.1
,,,,320,16000,,SEGURIDAD SOCIAL FUNCIONARIOS EDUCACION,46883.83,,15000.0,61883.83,50280.0
,,,,320,21200,,MANTENIMIENTO COLEGIOS,9000.0,,-3731.05,5268.95,11054.81
,,,,320,21300,,"MANTENIMIENTO MAQUINARIA, INSTALACIONES EDUCACION",1900.0,,0.0,1900.0,556.59
,,,,320,22100,,ENERGIA ELECTRICA EDIFICIOS EDUCACION,121440.0,,-5000.0,116440.0,108808.67
,,,,320,22700,,LIMPIEZA EDIFICIOS EDUCACION,457101.51,,-7139.0,449962.51,442486.39
,,,,320,63200,,OBRAS Y EQUIPAMIENTOS EN COLEGIOS,47000.0,,6830.0,53830.0,48432.75
,,,,323,22103,,COMBUSTIBLE CALEFACCION CENTROS EDUCATIVOS,95358.0,,-50100.0,45258.0,36521.81
,,,,323,22706,,ESTUDIOS Y TRABAJOS TECNICOS DE EDUCACION,0.0,,4235.0,4235.0,4235.0
,,,,323,22796,,GESTION ESCUELA INFANTIL GLORIA FUERTES,270000.0,,0.0,270000.0,269695.2
,,,,323,22798,,GESTION C.A.I. LOS CEREZOS,131746.56,,12100.0,143846.56,143723.52
,,,,323,45390,,SEDE PERMANENTE UNIVERSIDAD DE MURCIA,2000.0,,0.0,2000.0,0.0
,,,,325,22799,,MEDIDAS ALTERNATIVAS A EXPULSION DE ALUMNOS PMAE + PROGR. CREE EN TI,66690.0,,2800.0,69490.0,66694.18
,,,,326,22001,,BANCO DE LIBROS,500.0,,0.0,500.0,113.41
,,,,326,22300,,TRANSPORTE ACTIV. EXTRAESCOLARES,6000.0,,0.0,6000.0,7745.86
,,,,326,22601,,ATENC. PROTOCOLARIAS Y OBSEQUIOS EDUCACION,2000.0,,0.0,2000.0,2577.3
,,,,326,22602,,PUBLICACION Y DIFUSION ACTIVIDADES EDUCACION,1500.0,,0.0,1500.0,1497.6
,,,,326,22606,,TALLERES EDUCACION SIGLO XXI,2100.0,,0.0,2100.0,2311.1
,,,,326,22699,,"GASTOS DE FUNCIONAMIENTO, EVENTOS Y OTR. EDUCACION",2500.0,,150.0,2650.0,2782.0
,,,,326,22793,,PLAN CORRESPONSABLES- AUDITORIA EXTERNA,0.0,,3181.2,3181.2,1754.5
,,,,326,22794,,TALLERES PREVENC. DROGAS Y EDUCAC. SALUD,9936.0,,0.0,9936.0,11383.2
,,,,326,22795,,"P.C. 2022- GESTION, SUPERVISION Y DIFUSION",0.0,,10401.56,10401.56,10401.56
,,,,326,22796,,PROGR. COORDINACION FAMILIAS NIÑOS CON NEAE,9000.0,,0.0,9000.0,9000.0
,,,,326,22797,,PLAN CORRESPONSABLES- SERV. PROXIMIDAD MATUTINO,0.0,,48305.0,48305.0,43855.0
,,,,326,22798,,SONIDO E ILUMINACION EVENTOS EDUCACION,1149.5,,0.0,1149.5,0.0
,,,,326,22799,,SERVICIO DE PROXIMIDAD MATUTINO,44500.0,,-34995.0,9505.0,0.0
,,,,326,45000,,CONVENIO ESCUELA OFICIAL DE IDIOMAS,4700.0,,0.0,4700.0,4700.0
,,,,326,48001,,ASOCIACION INTERNAC. DE CIUDADES EDUCADORAS,220.0,,0.0,220.0,220.0
,,,,326,48002,,AYUDAS A TRANSPORTE EDUCATIVO (BUS UNIVERSITY),6000.0,,-5000.0,1000.0,1000.0
,,,,326,48003,,AMPA CEIP GINES DIAZ-SAN CRISTOBAL,1.0,,1474.2,1475.2,1475.2
,,,,326,48004,,AMPA CEIP SIERRA ESPUÑA,1.0,,1736.2,1737.2,1737.2
,,,,326,48005,,AMPA CEIP ANTONIO MACHADO,1.0,,646.5,647.5,647.5
,,,,326,48006,,AMPA CEIP PRINCIPE DE ESPAÑA,1.0,,720.0,721.0,721.0
,,,,326,48007,,AMPA CEIP NUESTRA SRA. DEL ROSARIO,1.0,,953.8,954.8,954.8
,,,,326,48008,,AMPA CEIP RICARDO CODORNIU,1.0,,2699.7,2700.7,2700.7
,,,,326,48010,,"CONCURSO INFANTIL DE CUENTOS ""JOSE CALERO""",1500.0,,0.0,1500.0,825.0
,,,,326,48011,,"BECAS ""ERASMUS"" E ""ILA""",7000.0,,0.0,7000.0,5000.0
,,,,326,48015,,PREMIOS A LA CULTURA DEL ESFUERZO,3700.0,,0.0,3700.0,0.0
,,,,326,48016,,SUBVENCIONES A PROYECTOS EN CENTROS EDUCATIV.,11000.0,,0.0,11000.0,11000.0
,,,,326,62210,,NUEVA PISTA COLEGIO GINES DIAZ-SAN CRISTOBAL,0.0,,68301.05,68301.05,68301.05
,,,,326,62211,,ACONDICIONAMIENTO E.I. LOS SECANOS,0.0,,17840.02,17840.02,17840.02
,,,,326,62290,,COMEDOR COLEGIO PRINCIPE DE ESPAÑA,0.0,,81788.0,81788.0,0.0
,,,,327,22606,,Plan Corresponsables 23/24 Escuela de Verano,42094.74,,14770.18,56864.92,47103.93
,,,,327,22609,,REFUERZO EDUCATIVO,7420.0,,0.0,7420.0,0.0
,,,,327,22703,,TALLERES DE TEATRO PARA ESTUDIANTES Y ADULTOS,5500.0,,0.0,5500.0,5463.15
,,,,327,22780,,Plan Corresponsables 23/24 Otros Servicios,0.0,,24072.25,24072.25,0.0
,,,,327,22781,,Plan Corresponsables 23/24 Servicio Matutino,0.0,,40050.0,40050.0,0.0
,,,,327,22793,,PLAN CORRESPONSABLES- BOLSA DE CUIDADOS EDUCACION,0.0,,1634.65,1634.65,1634.64
,,,,327,22795,,"ACTIVIDADES DE OCIO Y T. LIBRE ""UN RATITO MAS""",81067.2,,0.0,81067.2,66392.3
,,,,327,22796,,PLAN CORRESPONSABLES- REFUERZO EDUCATIVO EN INSTITUTOS,0.0,,14156.5,14156.5,13086.5
,,,,327,22797,,P.C. 2022- ATENCION Y CUIDADOS MATINALES EN PERIODOS NO LECTIVOS,0.0,,12000.0,12000.0,0.0
,,,,327,22798,,P.C. 2022- ACTIVIDADES EN VACACIONES Y FINES DE SEMANA,0.0,,9000.0,9000.0,0.0
,,,,327,48000,,SUBVENCIONES SERVICIO MATUTINO,0.0,,14000.0,14000.0,0.0
,,,,330,12001,,RETRIB. BASICAS CULTURA-A2,35971.96,,10000.0,45971.96,42579.29
,,,,330,12003,,RETRIB. BASICAS CULTURA-C1,16524.66,,0.0,16524.66,16867.5
,,,,330,12004,,RETRIB. BASICAS CULTURA-C2,34734.44,,-9000.0,25734.44,29511.44
,,,,330,12100,,COMPLEM. DESTINO CULTURA,48984.18,,-12000.0,36984.18,36190.32
,,,,330,12101,,COMPLEMENTO ESPECIFICO CULTURA,61596.36,,-22000.0,39596.36,43007.05
,,,,330,13100,,PERSONAL LABORAL TEMPORAL CULTURA,21484.16,,0.0,21484.16,21368.63
,,,,330,14300,,OTRO PERSONAL FUNCIONARIO INTERINO,38608.64,,15000.0,53608.64,45382.67
,,,,330,15000,,PRODUCTIVIDAD FUNCIONARIOS CULTURA,8865.76,,-2000.0,6865.76,6720.67
,,,,330,15001,,PRODUCTIVIDAD LABORALES CULTURA,805.66,,0.0,805.66,484.95
,,,,330,15100,,GRATIFICACIONES PERSONAL CULTURA,0.0,,5000.0,5000.0,1355.31
,,,,330,16000,,SEGURIDAD SOCIAL FUNCIONARIOS  CULTURA,63046.69,,-22000.0,41046.69,48282.43
,,,,330,16001,,SEGURIDAD SOCIAL PERS. LABORAL CULTURA,6896.42,,25000.0,31896.42,21926.79
,,,,330,20200,,ARRENDAMIENTO CINE VELASCO,34000.0,,0.0,34000.0,33620.23
,,,,330,20900,,SGAE CULTURA,1000.0,,3000.0,4000.0,2830.25
,,,,330,21200,,MANTENIMIENTO EDIFICIOS E INSTALACIONES DE CULTURA,0.0,,0.0,0.0,2158.02
,,,,330,22000,,MATERIAL OFICINA CULTURA,400.0,,78.2,478.2,389.3
,,,,330,22100,,ENERGIA ELECTRICA EDIFICIOS CULTURA,60036.0,,-5000.0,55036.0,52393.42
,,,,330,22699,,GASTOS FUNCIONAMIENTO CULTURA,1200.0,,18000.0,19200.0,10177.12
,,,,330,22700,,LIMPIEZA EDIFICIOS CULTURA,64453.46,,0.0,64453.46,66882.46
,,,,330,22701,,VIGILANCIA Y SEGURIDAD EXPOSICIONES CULTURA,500.0,,0.0,500.0,0.0
,,,,330,22706,,REDACCION PROYECTOS CULTURA,0.0,,4501.2,4501.2,4501.2
,,,,330,62500,,EQUIPAMIENTO CULTURA,25000.0,,3500.0,28500.0,27979.02
,,,,3321,22001,,FONDO BIBLIOGRAFICO,4000.0,,1157.49,5157.49,6279.97
,,,,3321,22609,,ACTIV. FOMENTO DE  LECTURA Y TALLERES PARA NIÑOS,1500.0,,0.0,1500.0,747.5
,,,,3321,22699,,GTOS. FUNCIONAMIENTO BIBLIOTECA,1000.0,,0.0,1000.0,238.52
,,,,3321,22760,,COLABORACION PERSONAL CON CULTURA,3000.0,,0.0,3000.0,3150.0
,,,,3321,22799,,TALLERES BIBLIOTECA Y ARCHIVO,500.0,,0.0,500.0,0.0
,,,,3321,62500,,INVERSION FONDO BIBLIOGRÁFICO (NEXT GENERATION),0.0,,2521.0,2521.0,0.0
,,,,3322,21600,,"MANTENIM. PROGRAMA ""ARCHIVO 3000""",1000.0,,-1000.0,0.0,0.0
,,,,3322,22002,,MATERIAL DIDACTICO ACTIVIDADES ARCHIVO,500.0,,-500.0,0.0,0.0
,,,,333,22601,,ATENCIONES PROTOCOLARIAS DEL MUSEO ARQUEOLOGICO,450.0,,0.0,450.0,145.2
,,,,333,22606,,ESTUDIOS MUSEO ARQUEOLOGICO,2000.0,,4500.0,6500.0,4580.07
,,,,333,22609,,ACTIVIDADES MUSEO ARQUEOLOGICO LOS BAÑOS,1500.0,,0.0,1500.0,800.0
,,,,333,22699,,GTOS. DIVERSOS MUSEO ARQUEOLOGICO LOS BAÑOS,2000.0,,5093.19,7093.19,4075.16
,,,,333,62990,,"EQUIPAMIENTO Y MOBILIARIO MUSEO, CULTURA Y CINE",0.0,,135000.0,135000.0,69015.86
,,,,333,63290,,EQUIPACION E ILUMINACION CASA DE LA CULTURA,0.0,,20000.0,20000.0,0.0
,,,,333,63300,,AIRE ACONDICIONADO MUSEO,0.0,,6000.0,6000.0,0.0
,,,,334,22400,,SEGUROS EXPOSICIONES CULTURA,600.0,,0.0,600.0,975.97
,,,,334,22601,,GASTOS PROTOCOLO CULTURA,2000.0,,0.0,2000.0,1061.51
,,,,334,22608,,TALLERES CULTURA,2000.0,,-1000.0,1000.0,1875.0
,,,,334,22609,,TEATRO,23000.0,,8788.82,31788.82,23613.0
,,,,334,22610,,MUSICA,10000.0,,-3500.0,6500.0,5270.0
,,,,334,22612,,"GASTOS EXPOSICIONES, CONCURSOS Y CERTAMENES CULTUR",2000.0,,0.0,2000.0,1887.5
,,,,334,22613,,JURADOS CERTAMENES CULTURA,6000.0,,0.0,6000.0,0.0
,,,,334,22614,,SEMANA FLAMENCA,6000.0,,0.0,6000.0,19551.64
,,,,334,22799,,RAIDER TECNICO CINE VELASCO Y OTRAS SONORIZACIONES,53566.7,,8470.0,62036.7,37312.17
,,,,334,24000,,GASTOS EDICION CULTURA,10638.5,,0.0,10638.5,5817.37
,,,,334,24001,,"CARTELERIA, EDICIONESY DISEÑOS EXPOSICIONES Y OTR.",3000.0,,0.0,3000.0,9547.12
,,,,334,48000,,CONVENIO JUNTA DE COFRADIAS,28315.0,,0.0,28315.0,28315.0
,,,,334,48001,,CONVENIO ARCCHICOFRADIA NUESTRO PADRE JESUS,5000.0,,0.0,5000.0,5000.0
,,,,334,48002,,CONVENIO ESCUELA DE MÚSICA,105000.0,,0.0,105000.0,105000.0
,,,,334,48004,,CONVENIO CORAL AUDITE OMNES ALHAMA,4000.0,,0.0,4000.0,4000.0
,,,,334,48006,,"PREMIOS CERTAMENES A.M.M, P.R. Y TEATRO AMATEUR",6500.0,,-4000.0,2500.0,2470.0
,,,,334,48007,,CONVENIO GRUPO FOLKLORICO VILLA DE ALHAMA,4500.0,,0.0,4500.0,4500.0
,,,,334,48008,,GRUPO FOLKRÓRICO VIRGEN DEL ROSARIO,4500.0,,0.0,4500.0,4500.0
,,,,334,48009,,CONVENIO PATRONA VIRGEN DEL ROSARIO,900.0,,0.0,900.0,0.0
,,,,336,13102,,"RETRIB. YACIMIENTOS INCHOLA, CERRO CASTILLO Y MURTAL 2013",0.0,,55280.62,55280.62,55280.62
,,,,336,13105,,RETRIBUCIONES SEF 23,0.0,,33355.64,33355.64,0.0
,,,,336,16002,,"SEG. SOCIAL YACIMIENTOS INCHOLA, CERRO CASTILLO Y MURTAL 2013",0.0,,20199.84,20199.84,13228.62
,,,,336,16005,,SEGURIDAD SOCIAL SEF 23,0.0,,12363.11,12363.11,0.0
,,,,336,21000,,MAT. RESTAURAC. YACIMIENTOS PALERAS Y MURTAL,5000.0,,0.0,5000.0,172.15
,,,,336,22400,,SEGURO PARTICIPANTES EN CAMPO DE TRABAJO EL CASTIL,300.0,,0.0,300.0,0.0
,,,,336,22696,,"GASTOS DIV. YACIMIENTOS INCHOLA, CERRO CASTILLO Y MURTAL 2013",0.0,,1000.0,1000.0,1000.0
,,,,336,22698,,"GASTOS CAMPO TRABAJO ""CERRO DEL CASTILLO""",6000.0,,176.4,6176.4,6780.49
,,,,336,22699,,MANTENIMIENTO YACIMIENTOS HISTORICOS,4500.0,,56460.0,60960.0,17510.5
,,,,336,61900,,RESTAURACION CASTILLO ALHAMA,0.0,,1311099.09,1311099.09,588126.04
,,,,336,62290,,ADQUISICION LOCAL CALLE PARRICAS,0.0,,80000.0,80000.0,78000.0
,,,,337,12003,,RETRIB. BASICAS JUVENTUD-C1,16524.66,,0.0,16524.66,19259.5
,,,,337,12004,,RETRIB. BASICAS JUVENTUD-C2,11189.72,,0.0,11189.72,11044.78
,,,,337,12100,,COMPLEMENTO DESTINO JUVENTUD,14712.74,,0.0,14712.74,11626.88
,,,,337,12101,,COMPLEMENTO ESPECIFICO JUVENTUD,19979.4,,-5000.0,14979.4,14779.34
,,,,337,14300,,RETRIBUCIONES FUNC. INTERINO JUVENTUD 1,24669.22,,-24500.0,169.22,5158.18
,,,,337,14301,,RETRIBUCIONES FUNC. INTERINO JUVENTUD 2,25634.18,,-25500.0,134.18,0.0
,,,,337,15000,,PRODUCTIVIDAD FUNCIONARIOS JUVENTUD,4226.62,,0.0,4226.62,4084.56
,,,,337,15100,,GRATIFICACIONES PERSONAL JUVENTUD,0.0,,20000.0,20000.0,17856.71
,,,,337,16000,,SEGURIDAD SOCIAL FUNCIONARIOS JUVENTUD,33203.25,,-12000.0,21203.25,20152.38
,,,,337,20200,,ALQUILER ESPACIO JOVEN EN CIRCULO INSTR. DEL OBRER,2000.0,,1694.0,3694.0,3388.0
,,,,337,20900,,SGAE CONCEJALIA DE JUVENTUD,0.0,,0.0,0.0,1087.63
,,,,337,21200,,MANTENIMIENTO EDIFICIOS JUVENTUD,0.0,,0.0,0.0,542.62
,,,,337,22000,,MATERIAL DIDACTICO JUVENTUD,500.0,,0.0,500.0,0.0
,,,,337,22101,,"MATERIALES, JUEGOS Y OTROS ESPACIO JOVEN",0.0,,0.0,0.0,826.43
,,,,337,22105,,PRODUCTOS ALIMENTICIOS ACTIVIDADES JUVENTUD,250.0,,0.0,250.0,3539.8
,,,,337,22199,,GTOS. FUNCIONAMIENTO JUVENTUD,1500.0,,0.0,1500.0,6534.84
,,,,337,22300,,TRANSPORTE PARA ACTIVIDADES JUVENILES,1000.0,,0.0,1000.0,2415.0
,,,,337,22606,,CURSOS CONCEJALIA JUVENTUD,2000.0,,0.0,2000.0,0.0
,,,,337,22609,,ACTIVIDADES Y PROGRAMAS JUVENILES,18000.0,,10448.01,28448.01,23980.82
,,,,337,22699,,CONCIERTOS MUSICALES PARA JOVENES,9000.0,,0.0,9000.0,3963.61
,,,,337,22700,,LIMPIEZA EDIFICIOS JUVENTUD,37780.72,,0.0,37780.72,35459.91
,,,,337,22701,,SEGURIDAD Y CONTROL ACCESOS ACTIVIDADES JUVENILES,0.0,,0.0,0.0,3136.32
,,,,337,22780,,Plan Corresponsables 23/24 Juventud,0.0,,41099.04,41099.04,10336.9
,,,,337,22790,,SONORIZ. E ILUMINACIONES ACT. JUVENILES,4023.25,,0.0,4023.25,6005.85
,,,,337,22796,,"PLAN CORRESPONSABLES- MONITOR CENTRO JUVENIL ""LA GUARIDA""",0.0,,23250.15,23250.15,23250.15
,,,,337,22797,,PLAN CORRESPONSABLES- ACTIV. JUVENILES PERIODOS VACACIONALES,0.0,,24589.12,24589.12,24589.1
,,,,337,22798,,"MONITOR ESPACIO JOVEN ""LA GUARIDA""",15000.0,,0.0,15000.0,5142.93
,,,,338,20900,,SGAE FESTEJOS,6900.0,,0.0,6900.0,6613.4
,,,,338,22000,,MATERIAL OFICINA Y OTROS GTOS. FESTEJOS,0.0,,0.0,0.0,228.64
,,,,338,22105,,PRODUCTOS ALIMENTICIOS PARA  FESTEJOS,13500.0,,7000.0,20500.0,24330.6
,,,,338,22199,,SUMINISTROS VARIOS ACTIV. FESTEJOS,9500.0,,0.0,9500.0,28165.94
,,,,338,22300,,DESPLAZAMIENTO AUTOBUS ACTIVIDADES FESTEJOS,200.0,,0.0,200.0,191.0
,,,,338,22400,,SEGUROS SUSPENSION CONCIERTOS Y OTRAS ACTIV. FESTEJOS,3000.0,,0.0,3000.0,6354.72
,,,,338,22601,,PREGON FERIA Y CORREMAYO MAYOR,4550.0,,-3659.01,890.99,607.85
,,,,338,22609,,"ESPECTACULOS, FESTIVALES, CONCIERTOS Y OTROS",159000.0,,-21974.0,137026.0,159812.0
,,,,338,22698,,OTRAS ACTIVIDADES FESTEJOS,29000.0,,1965.53,30965.53,54872.88
,,,,338,22699,,GASTOS DIVERSOS CONCEJALIA FESTEJOS,900.0,,2091.71,2991.71,8576.48
,,,,338,22701,,SERVICIOS SEGURIDAD EN FESTEJOS,35441.38,,0.0,35441.38,38153.95
,,,,338,22795,,SERVICIO AMBULANCIA FERIA,0.0,,5000.0,5000.0,4760.0
,,,,338,22797,,PIROTECNIA FESTEJOS,6200.0,,0.0,6200.0,9747.76
,,,,338,22798,,"INFRAESTR., ESCENARIOS, CARPAS,,,, FESTEJOS",45000.0,,13249.5,58249.5,73564.94
,,,,338,22799,,SONORIZACION E ILUMIN. EVENTOS FESTEJOS,88373.56,,141470.0,229843.56,114865.3
,,,,338,24000,,"EDICIONES, DISEÑOS, CARTELERIA FESTEJOS",10500.0,,0.0,10500.0,11424.82
,,,,338,48000,,PREMIOS Y CONCURSOS FESTEJOS,18000.0,,7200.0,25200.0,24780.8
,,,,338,48001,,SUBVENCIONES  A ASOCIACIONES DE BARRIOS,6000.0,,0.0,6000.0,5976.1
,,,,338,48002,,SUBVENCION FIESTAS LAS CAÑADAS,3500.0,,0.0,3500.0,3500.0
,,,,338,48003,,SUBVENCION FIESTAS EL CAÑARICO,3500.0,,0.0,3500.0,3500.0
,,,,338,48004,,SUBVENCION FIESTAS LA COSTERA,3500.0,,0.0,3500.0,3500.0
,,,,338,48005,,SUBVENCION FIESTAS GEBAS,3500.0,,0.0,3500.0,3500.0
,,,,338,48006,,SUBVENCION FIESTAS EL BERRO,3500.0,,0.0,3500.0,3500.0
,,,,338,48020,,ASOCIACION MUSICAL EL ZEBADERO,0.0,,9000.0,9000.0,9000.0
,,,,338,62290,,COMPRA CASETAS FERIA,0.0,,50000.0,50000.0,0.0
,,,,338,62990,,ADQUISICION DE PLATAFORMAS PARA CARROZAS,0.0,,18150.0,18150.0,8470.0
,,,,340,12001,,RETRIB. BASICAS DEPORTES-A2,14992.66,,0.0,14992.66,17616.06
,,,,340,12005,,RETRIBUCIONES BASICAS DEPORTES - E,9733.12,,-9000.0,733.12,0.0
,,,,340,12100,,COMPLEMENTO DESTINO DEPORTES,14119.27,,-7000.0,7119.27,6762.22
,,,,340,12101,,COMPLEMENTO ESPECIFICO DEPORTES,19598.18,,-10000.0,9598.18,8993.31
,,,,340,14300,,OTRO PERSONAL FUNCIONARIO INTERINO,19304.32,,0.0,19304.32,19197.16
,,,,340,15000,,PRODUCTIVIDAD FUNCIONARIOS DEPORTES,2915.53,,0.0,2915.53,1913.39
,,,,340,15100,,GRATIFICACIONES PERSONAL DEPORTES,0.0,,5000.0,5000.0,3920.42
,,,,340,16000,,SEGURIDAD SOCIAL FUNCIONARIOS DEPORTES,20030.88,,-6000.0,14030.88,12014.18
,,,,340,16001,,SEGURIDAD SOCIAL PERSONAL LABORAL DEPORTES,0.0,,10000.0,10000.0,6141.55
,,,,341,20900,,SGAE DEPORTES,2500.0,,0.0,2500.0,351.28
,,,,341,21300,,MANTENIMIENTO Y REPARACION DE MAQUINARIA Y EQUIPAMIENTO DEPORTIVO,0.0,,0.0,0.0,7132.2
,,,,341,22000,,MATERIAL OFICINA DEPORTES,100.0,,0.0,100.0,448.0
,,,,341,22104,,VESTUARIO DEPORTE ESCOLAR MILLA URBANA,3000.0,,0.0,3000.0,5196.03
,,,,341,22109,,SUMINSTRO PRODUCTOS TRATAM. PISCINA CLIMATIZADA,28000.0,,0.0,28000.0,22271.62
,,,,341,22199,,MATERIAL DEPORTIVO Y OTROS SUMINISTROS,5000.0,,-1732.09,3267.91,3047.44
,,,,341,22300,,TRANSPORTE DEPORTE ESCOLAR Y OTROS,3000.0,,0.0,3000.0,7003.51
,,,,341,22400,,SEGUROS ACTIVIDADES DEPORTIVAS,2000.0,,0.0,2000.0,129.8
,,,,341,22602,,PUBLICIDAD Y PROPAGANDA DEPORTES,100.0,,6000.0,6100.0,0.0
,,,,341,22609,,CARRERA POPULAR,0.0,,6000.0,6000.0,0.0
,,,,341,22610,,"PROGRAMA DEPORTE ESCOLAR ""UN RATITO MAS""",16097.1,,0.0,16097.1,15981.11
,,,,341,22699,,GTOS. DIVERSOS DEPORTES,20000.0,,-2400.0,17600.0,13230.68
,,,,341,22701,,"GESTION INTEGRAL CONSERJERIA, MANT. INSTALAC. DEPORTIVAS, JARDINERIA Y CONTROL AGUA PISCINA",346366.64,,9313.52,355680.16,318588.67
,,,,341,22706,,ESTUDIOS Y TRABAJOS TECNICOS AREA DEPORTES,3000.0,,0.0,3000.0,847.0
,,,,341,22795,,SERVICIO AMBULANCIA EVENTOS DEPORTIVOS,0.0,,0.0,0.0,0.0
,,,,341,22799,,SERV. ACTIV. ACUATICAS Y COLECTIVAS Y ASESORAM. GIMNASIO,372088.1,,0.0,372088.1,367145.45
,,,,341,24000,,"EDICIONES, FOLLETOS Y CARTELERIA DEPORTES",800.0,,0.0,800.0,196.02
,,,,341,48002,,SUBVENCIONES A  PROGRAMAS DEPORTES,87000.0,,0.0,87000.0,86880.0
,,,,341,48003,,CONVENIO FUNDACION NEVER SURRENDER - ACTIVIDADES DEPORTIVAS,3000.0,,0.0,3000.0,3000.0
,,,,341,48004,,CONVENIO MOTOCLUB ALHAMA,6000.0,,0.0,6000.0,6000.0
,,,,3421,20300,,"ARRENDAMIENTO DE MAQUINARIA, INSTALAC, Y UTILLAJE DEPORTES",0.0,,13200.0,13200.0,17610.7
,,,,3421,21300,,MTO. INSTALACIONES DEPORTIVAS,43000.0,,20015.74,63015.74,44869.89
,,,,3421,22100,,ENERGIA ELECTRICA EDIFICIOS DEPORTES,195732.0,,-31260.0,164472.0,152226.22
,,,,3421,22103,,GAS Y COMBUSTIBLE INSTALACIONES DEPORTIVAS,122576.0,,-24900.0,97676.0,79655.34
,,,,3421,22199,,HERRAMIENTAS Y UTILLAJE INSTALACIONES DEPORTIVAS,0.0,,0.0,0.0,901.14
,,,,3421,22700,,LIMPIEZA EDIFICIOS DEPORTES,137752.59,,0.0,137752.59,133604.59
,,,,3421,62210,,TERMINACION CONSTRUCCION PABELLON DEPORTIVO,0.0,,1200000.0,1200000.0,566125.19
,,,,3421,62590,,MATERIAL DEPORTIVO,0.0,,40000.0,40000.0,5657.94
,,,,3421,63200,,INVERSION EN INSTALACIONES DEPORTIVAS,24699.0,,64860.09,89559.09,36762.96
,,,,3421,63210,,REFORMA VESTUARIOS CAMPO FUTBOL GUADALENTIN,0.0,,37650.28,37650.28,33650.28
,,,,422,21000,,CUOTA MTO. PARQUE INDUSTRIAL,6682.0,,0.0,6682.0,6649.73
,,,,422,48000,,CONVENIO ENTIDAD URBANÍSTICA E.U.C.P.I.A.,50000.0,,0.0,50000.0,50000.0
,,,,4310,22100,,ENERGIA ELECTRICA EDIFICIOS COMERCIO,2736.0,,0.0,2736.0,1662.29
,,,,4310,22601,,ATENCIONES PROTOCOLARIAS COMERCIO,200.0,,0.0,200.0,0.0
,,,,4310,22602,,PROMOC. COMERCIO Y ALHAMA LIMPIA Y RECICLA Y OTR.,4000.0,,4000.0,8000.0,0.0
,,,,4310,22606,,CURSO FORMACION COMERCIO Y HOSTELERIA,1000.0,,0.0,1000.0,0.0
,,,,4310,22699,,GTOS. DIVERSOS COMERCIO,5000.0,,-2437.0,2563.0,6825.86
,,,,4310,22700,,LIMPIEZA EDIFICIOS COMERCIO,32747.06,,0.0,32747.06,29592.75
,,,,4310,24000,,"EDICIONES, FOLLETOS Y CARTELES COMERCIO",2383.7,,0.0,2383.7,1815.0
,,,,4310,47000,,SUBVENCIONES ACTIVIDADES DE PROMOCION COMERCIO LOCAL,19000.0,,10000.0,29000.0,0.0
,,,,4310,47901,,"BONO DTO. ""DISFRUTA COMERCIO ALHAMA""",30000.0,,0.0,30000.0,0.0
,,,,4310,48000,,CONVENIO ASOCIACIÓN COMERCIANTES,6000.0,,0.0,6000.0,6000.0
,,,,4310,48001,,PREMIOS CONCURSO COMERCIANTES,3000.0,,0.0,3000.0,2650.0
,,,,4310,48003,,CONVENIO ASOCIACION DE HOSTELERIA,4000.0,,-4000.0,0.0,0.0
,,,,4311,22605,,"FERIA ARTESANIA, EXPOSIC. AGRICULTURA Y COMERCO",3000.0,,6000.0,9000.0,7023.12
,,,,4311,22699,,"PROGRAMA ""ALHAMA EN LA CALLE""",5500.0,,5152.21,10652.21,10681.61
,,,,4311,22799,,"SONORIZACIÓN, ILUMINACION, FERIAS  Y EXPOSICIONES",1000.0,,0.0,1000.0,820.95
,,,,4312,21200,,MANTENIMIENTO PZA.ABASTOS Y MERCADO,1000.0,,0.0,1000.0,304.51
,,,,4312,63210,,OBRAS DE ADECUACION PLAZA DE ABASTOS,16000.0,,4682.7,20682.7,6410.58
,,,,432,12001,,RETRIBUC. BASICAS FUNCIONARIOS TURISMO A2,18296.5,,0.0,18296.5,20144.46
,,,,432,12004,,RETRIBUC. BASICAS FUNCIONARIOS TURISMO C2,9733.12,,0.0,9733.12,0.0
,,,,432,12100,,COMPLEM. DESTINO FUNC. TURISMO,14805.56,,0.0,14805.56,7701.17
,,,,432,12101,,COMPL. ESPECIFICO FUNC. TURISMO,16905.0,,0.0,16905.0,8294.69
,,,,432,13100,,PERSONAL LABORAL TEMPORAL TURISMO,9207.5,,0.0,9207.5,0.0
,,,,432,14300,,RETRIB. FUNCIONARIOS INTERINOS TURISMO,33605.46,,0.0,33605.46,48346.53
,,,,432,15000,,PRODUCTIVIDAD FUNCIONARIOS TURISMO,3590.39,,0.0,3590.39,3615.54
,,,,432,15001,,PRODUCTIVIDAD LABORALES TURISMO,805.66,,0.0,805.66,0.0
,,,,432,15100,,GRATIFICACIONES PERSONAL TURISMO,0.0,,0.0,0.0,445.52
,,,,432,16000,,SEGURIDAD SOCIAL FUNCIONARIOS TURISMO,25838.13,,-10000.0,15838.13,10429.65
,,,,432,16001,,SEGURIDAD SOCIAL PERS. LABORAL TURISMO,3001.64,,0.0,3001.64,14950.89
,,,,432,20300,,SONORIZ. SERENATA Y OTROS S.SANTA,2299.0,,0.0,2299.0,1573.0
,,,,432,21000,,MANT. DE RECURSOS Y LUGARES INTERES TURISTICO,1000.0,,0.0,1000.0,0.0
,,,,432,21200,,MTO. Y CONSERVACION OFICINA DE TURISMO,100.0,,0.0,100.0,0.0
,,,,432,22100,,ENERGIA ELECTRICA EDIFICIOS TURISMO,1620.0,,0.0,1620.0,943.34
,,,,432,22104,,VESTUARIO PERSONAL INFORMACION Y TURISMO,250.0,,0.0,250.0,159.72
,,,,432,22199,,SEÑALIZ. RUTA TURISTICA Y OTROS GTOS.,4500.0,,2685.0,7185.0,2825.35
,,,,432,22299,,DESARROLLO APLICACIONES DIFUSION Y PROMOCION TURISTICA y OTROS,5000.0,,1065.78,6065.78,5661.59
,,,,432,22601,,"GASTOS PROMOCION TURISTICA, MERCH... Y OTROS",8000.0,,168.0,8168.0,8167.5
,,,,432,22602,,PUBLICIDAD PROMOC. Y DIFUSION INTERES TURISTICO,2000.0,,21000.0,23000.0,4299.0
,,,,432,22609,,VISITAS TURISTICAS Y GUIAS,15000.0,,4107.64,19107.64,12043.34
,,,,432,22697,,"GASTOS POR ASISTENCIAS A FERIAS, CONGRESOS,,,,",500.0,,0.0,500.0,0.0
,,,,432,22698,,"""Q DE CALIDAD TURISTICA"" MARCA Y SUSCRIPCION",1000.0,,0.0,1000.0,0.0
,,,,432,22699,,GASTOS DIVERSOS TURISMO,500.0,,0.0,500.0,356.64
,,,,432,22700,,LIMPIEZA OFICINA DE TURISMO,8675.99,,0.0,8675.99,7468.8
,,,,432,22798,,COLABORACION PERSONAL DE TURISMO,0.0,,10000.0,10000.0,18150.0
,,,,432,22799,,CTOS. TRADUCCION Y MTO. WED TURISTICA,5100.0,,1270.5,6370.5,5929.0
,,,,432,24000,,EDICIONES Y FOLLETOS C.TURISMO,8796.7,,0.0,8796.7,5031.36
,,,,432,48001,,BECAS PERSONAL TURISMO,4500.0,,0.0,4500.0,0.0
,,,,432,48002,,"APORTACION "" VIAS VERDES""",4617.54,,0.0,4617.54,4602.48
,,,,432,48003,,CONSORCIO TURISTICO VILLAS TERMALES DE LA REGION DE MURCIA,1000.0,,0.0,1000.0,1000.0
,,,,432,62500,,MOBILIARIO EDIF AGROTURÍSTICO EL BERRO,0.0,,18000.0,18000.0,16747.77
,,,,432,62900,,ITINERARIOS TURÍSTICOS YACIMIENTOS,0.0,,15000.0,15000.0,14749.9
,,,,432,63200,,LEADER: CENTRO DE FORMACION AGROTURISTICO EN EL BERRO,0.0,,153294.9,153294.9,148461.9
,,,,454,21001,,"MANTENIMIENTO, MEJORA Y BACHEOS CAMINOS VECINALES",40000.0,,45368.78,85368.78,26284.91
,,,,454,22501,,TASA OCUPAC. TERRENOS FORESTALES Y RED CTRAS.,1500.0,,0.0,1500.0,601.78
,,,,454,22700,,DESBROCE Y TRATAMIENTO FITOSANITARIO CAMINOS,18000.0,,0.0,18000.0,33897.76
,,,,454,61902,,INVERSIONES EN CAMINOS PUBLICOS,0.0,,8407.08,8407.08,8407.08
,,,,491,12001,,RETRIB. BASICAS N. TECNOLOGIAS-A2,14992.66,,-10000.0,4992.66,0.0
,,,,491,12003,,RETRIB. BASICAS N.TEGNOLOGIAS-C1,42150.3,,-25000.0,17150.3,10073.45
,,,,491,12004,,RETRIB. BASICAS N.TEGNOLOGIAS-C2,32196.36,,0.0,32196.36,39162.23
,,,,491,12100,,COMPLEMENTO DESTINO NUEVAS TECNOLOG.,43179.35,,-10000.0,33179.35,22347.23
,,,,491,12101,,COMPLEMENTO ESPECIFICO NUEVAS TECNOLOG.,69029.52,,-25000.0,44029.52,30306.0
,,,,491,15000,,PRODUCTIVIDAD FUNCIONARIOS N. TECNOLOGIAS,7558.06,,0.0,7558.06,11449.2
,,,,491,15003,,RETEN NUEVAS TECNOLOGIAS,15340.0,,0.0,15340.0,0.0
,,,,491,16000,,SEGURIDAD SOCIAL FUNCIONARIOS N.TEGNOLOGIAS,54546.38,,-22000.0,32546.38,30543.56
,,,,491,21300,,MTO. CENTRO PROCESO DE DATOS Y CIBERSEGURIDAD,35000.0,,20000.0,55000.0,41602.23
,,,,491,22112,,SUMINISTRO COMPONENTES INFORMÁTICOS,0.0,,0.0,0.0,3021.29
,,,,491,22203,,CONSUMIBLES INFORMAT. Y CERTIFICADOS DIGITALES,5000.0,,1149.2,6149.2,4847.26
,,,,491,22790,,"SERVICIO DE INTEGRACION ""NOTIFICA"" Y ""CARPETA CIUDADANA""",0.0,,0.0,0.0,0.0
,,,,491,22798,,MANTENIMIENTO WEB MUNICIPAL,17900.0,,1135.49,19035.49,15036.26
,,,,491,22799,,MANTENIMIENTO PROGRAMAS INFORMATICOS,180000.0,,-17657.19,162342.81,105579.75
,,,,491,62610,,ADQUISICION EQUIPOS INFORMATICOS,0.0,,109679.91,109679.91,7198.13
,,,,491,62620,,RENOVACION EQUIPAMIENTO Y ELECTRONICA C.P.D.,0.0,,12923.14,12923.14,12923.14
,,,,491,64100,,"SOFTWARE CONTABILIDAD ""GEMA""+EXPTE. ELECTRONICO",35000.0,,0.0,35000.0,35000.0
,,,,493,22602,,"PATROCINIO ESPACIO ""CONSUMO GUSTO""",800.0,,0.0,800.0,0.0
,,,,493,22799,,GESTION OMIC,23764.4,,0.0,23764.4,18579.39
,,,,912,10000,,RETRIB. ORGANOS DE GOBIERNO,251846.0,,-25000.0,226846.0,218103.02
,,,,912,11000,,PERSONAL CONFIANZA ORG. GOBIERNO,31453.97,,8000.0,39453.97,27333.82
,,,,912,15001,,PRODUCTIVIDAD PERSONAL CONFIANZA,1037.3,,0.0,1037.3,1006.79
,,,,912,16001,,SEGURIDAD SOCIAL PERSONAL CONFIANZA,10301.18,,0.0,10301.18,9280.24
,,,,912,16002,,SEG. SOCIAL ORGANOS DE GOBIERNO,79079.64,,0.0,79079.64,70636.97
,,,,912,22601,,ATENCIONES PROTOCOLARIAS ORG. GOBIERNO,9000.0,,5386.63,14386.63,9725.2
,,,,912,22699,,GASTOS DIVERSOS ORGANOS DE GOBIERNO,0.0,,0.0,0.0,492.0
,,,,912,23000,,DIETAS ORGANOS GOBIERNO,250.0,,0.0,250.0,62.25
,,,,912,23100,,LOCOMOCION ORGANOS GOBIERNO,250.0,,0.0,250.0,133.31
,,,,912,23300,,ASISTENCIAS  MIEMBROS GOBIERNO,38400.8,,0.0,38400.8,26758.9
,,,,912,23301,,ASISTENCIAS RESTO MIEMBROS  CORPORACION,51700.0,,-1860.0,49840.0,46280.0
,,,,912,24000,,EDICIONES  Y PUBLICACIONES ORGANOS GOBIERNO,300.0,,0.0,300.0,0.0
,,,,912,46800,,ALCALDE PEDÁNEO EL BERRO,1500.0,,0.0,1500.0,687.5
,,,,912,46801,,ALCALDE PEDÁNEO GEBAS,1500.0,,0.0,1500.0,687.5
,,,,912,46802,,ALCALDE PEDÁNEO EL CAÑARICO,1500.0,,0.0,1500.0,687.5
,,,,912,46803,,ALCALDE PEDÁNEO LA COSTERA,1500.0,,0.0,1500.0,687.5
,,,,912,46804,,ALCALDE PEDÁNEO LAS CAÑADAS,1500.0,,0.0,1500.0,687.5
,,,,912,48000,,DOTACION ECONOMICA P.P.,6600.0,,2750.0,9350.0,5246.67
,,,,912,48001,,DOTACION ECONOMICA C'S CIUDADANOS,4800.0,,2000.0,6800.0,2200.0
,,,,912,48002,,DOTACION ECONOMICA P.S.O.E.,10200.0,,4250.0,14450.0,6896.67
,,,,912,48003,,DOTACIÓN ECONÓMICA I.U.,4200.0,,1750.0,5950.0,3836.67
,,,,912,48004,,DOTACION ECONOMICA V.O.X.,4800.0,,2000.0,6800.0,4111.67
,,,,912,48005,,DOTACION ECONOMICA ALHAMA AUNA,0.0,,1860.0,1860.0,1860.0
,,,,912,48010,,CELEBRACION 12 DE OCTUBRE - G.C.,900.0,,0.0,900.0,0.0
,,,,9200,12000,,RETRIB. BASICAS ADMON. GRAL-A1,59681.06,,0.0,59681.06,76547.46
,,,,9200,12001,,RETRIB. BASICAS ADMON. GRAL-A2,51508.86,,0.0,51508.86,42883.66
,,,,9200,12003,,RETRIB. BASICAS ADMON. GRAL-C1,103039.9,,-24000.0,79039.9,69380.62
,,,,9200,12004,,RETRIB. BASICAS ADMON. GRAL-C2,121415.24,,-20000.0,101415.24,91498.54
,,,,9200,12100,,COMPLEMENTO DESTINO ADMON. GRAL.,192449.88,,-48000.0,144449.88,123581.17
,,,,9200,12101,,COMPLEMENTO ESPECIFICO ADMON. GRAL.,284796.26,,-93995.14,190801.12,169332.07
,,,,9200,13000,,RETRIBUCIONES PERSONAL LABORAL FIJO ADMON. GENERAL,0.0,,0.0,0.0,27896.3
,,,,9200,13100,,PERSONAL LABORAL TEMPORAL ADMON. GRAL.,69872.28,,-8716.13,61156.15,41094.78
,,,,9200,14300,,FUNCIONARIOS INTERINOS ADMON. GRAL.,41008.0,,0.0,41008.0,121634.9
,,,,9200,15000,,PRODUCTIVIDAD FUNCIONARIOS ADMON. GRAL.,30647.04,,0.0,30647.04,46842.6
,,,,9200,15001,,PRODUCTIVIDAD LABORALES ADMON. GRAL.,2620.21,,0.0,2620.21,3000.19
,,,,9200,15003,,PRODUCTIVIDAD ESPORADICA U OCASIONAL,25000.0,,0.0,25000.0,0.0
,,,,9200,15100,,GRATIFICACIONES PERSONAL ADMINISTRACION GENERAL,0.0,,0.0,0.0,5660.93
,,,,9200,16000,,SEGURIDAD SOCIAL FUNCIONARIOS ADMON. GRAL.,228666.31,,-84300.0,144366.31,153403.1
,,,,9200,16001,,SEGURIDAD SOCIAL PERS. LABORAL ADMON. GRAL.,22778.37,,0.0,22778.37,63255.46
,,,,9200,20800,,ARRENDAMIENTO EQUIPOS DE IMPRESION,41546.08,,2829.69,44375.77,45198.02
,,,,9200,20900,,SOCIEDAD GENERAL DE AUTORES,4000.0,,0.0,4000.0,1129.37
,,,,9200,21200,,MANTENIMIENTO EDIFICIOS E INSTALAC. PUBL.,4000.0,,2450.25,6450.25,6988.12
,,,,9200,21300,,MANTENIM. MAQUINARIA EDIFICIOS PUBLICOS,55000.0,,3168.14,58168.14,44465.73
,,,,9200,21400,,MANTENIMIENTO VEHICULO ADMINISTRACION GENERAL,0.0,,0.0,0.0,0.0
,,,,9200,22000,,MATERIAL OFICINA ADMON. GRAL.,11000.0,,0.0,11000.0,8458.41
,,,,9200,22001,,"PRENSA, LIBROS, REVISTAS ADMON. GRAL.",5000.0,,0.0,5000.0,3893.65
,,,,9200,22100,,SUMINISTRO ENERGIA ELECTRICA ADMON. GRAL.,80926.0,,-8000.0,72926.0,72722.8
,,,,9200,22105,,"SUMINISTRO AGUA ACTIVIDADES, EVENTOS Y OTROS",200.0,,0.0,200.0,1860.43
,,,,9200,22112,,MAT. ELECTRONICO Y DE TELECOMUNICAC.,2000.0,,1837.73,3837.73,2892.42
,,,,9200,22199,,SUMINISTROS VARIOS ADMINISTRACION GENERAL,1000.0,,0.0,1000.0,1542.39
,,,,9200,22200,,COMUNICACIONES TELEFONICAS Y OTRAS ADMON. GRAL.,70000.0,,1894.57,71894.57,72862.93
,,,,9200,22201,,COMUNICACIONES POSTALES Y MENSAJERIA Y CERTIFICADO,85000.0,,16000.0,101000.0,58499.44
,,,,9200,22400,,PRIMAS DE SEGUROS,105000.0,,19100.0,124100.0,108036.3
,,,,9200,22500,,PUBLICAC. B.O.E. Y REGRISTRADORES,1500.0,,0.0,1500.0,2640.01
,,,,9200,22501,,PUBLICACIONES EN EL B.O.R.M. Y TRIBUTOS CARM,19000.0,,10000.0,29000.0,22358.54
,,,,9200,22502,,TRIBUTOS ENTIDADES LOCALES,0.0,,155000.0,155000.0,123.85
,,,,9200,22601,,ATENCIONES PROTOCOLARIAS AL PERSONAL Y OTROS,5000.0,,1800.0,6800.0,1320.0
,,,,9200,22602,,PUBLICIDAD INSTITUCIONAL EN MEDIOS COMUNICACION,56000.0,,1741.07,57741.07,51811.9
,,,,9200,22604,,GASTOS JURIDICOS Y CONTENCIOSOS,39499.12,,0.0,39499.12,33879.96
,,,,9200,22607,,GASTOS PRUEBAS SELECTIVAS Y OPOSICIONES,1800.0,,0.0,1800.0,2945.1
,,,,9200,22609,,OTROS GASTOS DIVERSOS ADMON. GENERAL,1000.0,,0.0,1000.0,1945.68
,,,,9200,22660,,SANCIONES TRIBUTARIAS Y OTROS,500.0,,0.0,500.0,60.0
,,,,9200,22699,,"MUPIS, ROLL-UP Y OTROS PARA EVENTOS MPLES.",1900.0,,0.0,1900.0,794.97
,,,,9200,22700,,LIMPIEZA EDIFICIOS MUNICIPALES,59476.36,,30000.0,89476.36,82139.96
,,,,9200,22701,,PRODUCCIONES AUDIOVISUALES,23000.0,,2600.98,25600.98,18369.85
,,,,9200,22704,,MTO. Y GESTION PROGR. CONTROL HORARIO,7945.32,,0.0,7945.32,0.0
,,,,9200,22706,,TRABAJOS CONSULTORIA Y OTROS ESTUDIOS TECNICOS,15000.0,,16000.0,31000.0,14217.5
,,,,9200,22780,,ESTUDIO R.P.T.,0.0,,48000.0,48000.0,0.0
,,,,9200,22792,,"SERVICIO PROFESIONAL DISEÑO, IMAGEN, FOTOGRAFIA...",20000.0,,943.7,20943.7,24695.87
,,,,9200,22794,,ACTUAC. PRENVENCION RIESGOS LABORALES,3000.0,,0.0,3000.0,0.0
,,,,9200,22796,,CTO. TAREAS NO ESTRUCTURALES EN CENTROS MPLES.,40000.0,,-6674.63,33325.37,10589.32
,,,,9200,22797,,"CTO, CALCULO COSTES UNITARIOS PARA CONTRATOS",8600.0,,0.0,8600.0,3920.4
,,,,9200,22798,,"ASISTENC., MANTEN. Y LICENCIAS INFORMATICAS",20100.0,,0.0,20100.0,31271.41
,,,,9200,22799,,PREVENC. RIESGOS LABORALES Y VIGILANCIA SALUD,33411.4,,4891.72,38303.12,26918.14
,,,,9200,23020,,DIETAS ADMON. GRAL.,300.0,,0.0,300.0,154.0
,,,,9200,23120,,LOCOMOCION ADMON. GRAL.,1500.0,,0.0,1500.0,997.59
,,,,9200,23300,,ASISTENCIA A TRIBUNALES (SELECC. DE PERSONAL),19000.0,,0.0,19000.0,3558.12
,,,,9200,23301,,OTRAS INDEMNIZACIONES,1000.0,,0.0,1000.0,9778.46
,,,,9200,23302,,INDEMNIZAC. POR RESPONSABILIDAD PATRIMONIAL,5000.0,,0.0,5000.0,9721.45
,,,,9200,24000,,IMPRESIÓN DISTINTOS MATERIALES Y SOPORTES,1900.0,,0.0,1900.0,0.0
,,,,9200,62280,,COMPRA LOCAL PLAZA LAS AMERICAS,0.0,,50000.0,50000.0,43600.0
,,,,9200,62290,,INSTALACION DE PLACAS SOLARES EN EDIFICION MPALES.,0.0,,100000.0,100000.0,0.0
,,,,9200,62300,,MAQUINARIA Y OTRAS INVERSIONES ADMON. GRAL.,8500.0,,4591.5,13091.5,4591.5
,,,,9200,62490,,"ADQUISICION DE VEHICULOS ""PROGRAMA MOVE""",0.0,,170000.0,170000.0,0.0
,,,,9200,62500,,MOBILIARIO ADMINISTRACION GENERAL,0.0,,42085.25,42085.25,7060.35
,,,,9200,63210,,REHABILITACION ANTIGUO ALMACEN DEL TAIBILLA,0.0,,859707.37,859707.37,16940.0
,,,,9200,63290,,ADECUACION ALMACEN MUNICIPAL,0.0,,80000.0,80000.0,0.0
,,,,9200,63300,,RENOVACIÓN CLIMATIZACIÓN EDIFICIOS MUNICIPALES,0.0,,65000.0,65000.0,0.0
,,,,9200,63390,,REPOSICION MAQUINARIA ADMINISTRACION GENERAL,0.0,,55000.0,55000.0,1996.5
,,,,9201,21000,,MANT. DIVERSAS INFRAESTRUCTURAS EN PEDANIAS,7000.0,,-605.0,6395.0,3852.26
,,,,9201,22001,,"PRENSA, REVISTAS,,, EN CENTROS SOCIALES PEDANIAS",500.0,,0.0,500.0,421.2
,,,,9201,22100,,ENERGIA ELECTRICA EDIFICIOS PEDANIAS,18972.0,,0.0,18972.0,15620.71
,,,,9201,22300,,TRANSPORTE BANDA MUSICA Y OTR. ACTIV. PEDANIAS,1300.0,,0.0,1300.0,1264.56
,,,,9201,22301,,APOYO TRANSPORTE COLECTIVO PEDANIAS,12000.0,,10483.17,22483.17,16062.46
,,,,9201,22601,,TROFEOS Y OBSEQUIOS PEDANIAS,400.0,,0.0,400.0,399.3
,,,,9201,22602,,PUBLICIDAD Y PROPAGANDA PEDANIAS,250.0,,0.0,250.0,0.0
,,,,9201,22606,,TALLERES EN PEDANIAS,10000.0,,7108.9,17108.9,9338.78
,,,,9201,22608,,AUTO DE REYES EL BERRO,3500.0,,0.0,3500.0,3930.0
,,,,9201,22609,,ACTIVIDADES CULTURALES EN PEDANIAS,4000.0,,0.0,4000.0,5488.0
,,,,9201,22698,,ENCUENTRO-CONVIVENCIA PEDANIAS PsPs Nº 10,3000.0,,0.0,3000.0,0.0
,,,,9201,22699,,OTROS GASTOS DIVERSOS PEDANIAS,1000.0,,0.0,1000.0,10261.62
,,,,9201,22700,,LIMPIEZA EDIFICIOS PUBL. EN PEDANIAS,46626.39,,0.0,46626.39,44104.02
,,,,9201,22701,,CONSERJES PARA CONTROL Y MTO. TELECENTROS,5040.0,,810.0,5850.0,4350.0
,,,,9201,24000,,EDICIONES Y CARTELERIA PEDANIAS,400.0,,400.0,800.0,1089.0
,,,,9201,63500,,MOBILIARIO Y OTROS EN PEDANIAS,0.0,,9600.14,9600.14,8995.14
,,,,922,48000,,FEDERACION DE MUNICIPIOS DE LA REGION DE MURCIA,5764.77,,0.0,5764.77,5445.84
,,,,922,48001,,FEDERAC. ESPAÑOLA DEMUNICIPIOS Y PROVINCIAS,1452.27,,0.0,1452.27,1452.27
,,,,924,22799,,CONSULTA DESTINO LA CUBANA,0.0,,4000.0,4000.0,0.0
,,,,924,48006,,ENCUENTRO CUADRILLAS ASOCIACIÓN CUADRILLAS EL BERR,3500.0,,0.0,3500.0,3500.0
,,,,924,48007,,ASOCIACIÓN VECINOS EL BERRO DINAMIZ Y FUNCIONAM,450.0,,0.0,450.0,450.0
,,,,924,48008,,ASOCIACIÓN ABEDUL EL BERRO DINAMIZ Y FUNCIONAMIENT,450.0,,0.0,450.0,450.0
,,,,924,48009,,ASOCIACIÓN DE VECINOS LA COSTERA DINAMIZ Y FUNCION,900.0,,0.0,900.0,900.0
,,,,924,48010,,ASOCIACIÓN VECINOS EL CAÑARICO DINAMIZ Y FUNCIONAM,900.0,,0.0,900.0,900.0
,,,,924,48011,,ASOC VECINOS GEBAS DINAMIZ Y FUNCIONAM,900.0,,0.0,900.0,900.0
,,,,924,48012,,ASOC VECINOS LAS CAÑADAS DINAMIZ Y FUNCIONAM,900.0,,0.0,900.0,900.0
,,,,931,12000,,RETRIB. BASICAS ADMON. FINANC.-A1,52461.76,,-21375.0,31086.76,22132.95
,,,,931,12001,,RETRIB. BASICAS ADMON. FINANC.-A2,21523.54,,0.0,21523.54,22833.74
,,,,931,12003,,RETRIB. BASICAS ADMON. FINANC.-C1,30758.12,,0.0,30758.12,13858.05
,,,,931,12004,,RETRIB. BASICAS ADMON. FINANC.-C2,66205.2,,0.0,66205.2,85129.56
,,,,931,12100,,COMPLEMENTO DESTINO ADMON. FINANC.,106245.72,,-16000.0,90245.72,62516.47
,,,,931,12101,,COMPLEMENTO ESPECIFICO ADMON. FINANC.,174153.0,,-46375.0,127778.0,93055.07
,,,,931,15000,,PRODUCTIVIDAD FUNCIONARIOS ADMON. FINANCIERA,13323.49,,0.0,13323.49,12002.72
,,,,931,15100,,GRATIFICACIONES PERSONAL ADMINISTRACION FINANCIERA,0.0,,0.0,0.0,1313.02
,,,,931,16000,,SEGURIDAD SOCIAL FUNCIONARIOS ADMON. FINANC.,116136.67,,-20000.0,96136.67,76367.8
,,,,931,22706,,SERVICIOS DE ACTUALIZACION INVENTARIO MUNICIPAL Y OTROS,14478.0,,0.0,14478.0,0.0
,,,,932,21600,,ASISTENCIA PARA APP MOBILITY SANCIONES,2000.0,,0.0,2000.0,0.0
,,,,932,22501,,GASTOS POR GESTION RECAUDACION TASAS,79000.0,,0.0,79000.0,89306.5
,,,,932,22702,,VALORACIONES Y PERITAJES DE INMUEBLES,900.0,,0.0,900.0,0.0
,,,,932,22703,,ASISTENCIA INFORMATICA TAO -INTERVENCION/TESORERIA,6000.0,,0.0,6000.0,4356.0
,,,,932,22708,,GESTION INGRESOS MUNICIPALES,838000.0,,50000.0,888000.0,828358.17
,,,,932,22780,,ESTUDIO PLIEGOS CONTRATO OFICINA RECAUDACION,0.0,,25000.0,25000.0,0.0
,,,,934,35900,,COMISIONES BANCARIAS Y OTRAS COMISIONES,18000.0,,0.0,18000.0,17241.22
,,,,941,46700,,CONSORCIO EXTINCION DE INCENDIOS Y SALVAMENTO,281429.49,,60000.0,341429.49,340874.34
,,,,943,46300,,MANCOMUNIDAD TURISTICA SIERRA ESPUÑA,27237.72,,11000.0,38237.72,37830.11
